,Name,Price,Rating,Reviews,Location
0,Lucky Star Hotel 266 De Tham,165.0,8.2,1004.0,"District 1, Ho Chi Minh City"
1,Eden Garden Hotel,160.0,8.0,377.0,"District 1, Ho Chi Minh City"
2,Ngan Ha Hotel,516.0,8.1,113.0,"District 1, Ho Chi Minh City"
3,Anh Duy Hotel - Nguyễn Công Trứ The Bitexco Neighbour,90.0,8.0,152.0,"District 1, Ho Chi Minh City"
4,Calista Sai Gon Hotel,748.0,8.6,191.0,"District 1, Ho Chi Minh City"
5,Metro Points HCM Hotel- Bến Thành Market,431.661,7.4,87.0,"District 1, Ho Chi Minh City"
6,Cochin Sang Hotel,1152.0,9.0,82.0,"District 1, Ho Chi Minh City"
7,GK Central Hotel,833.58,8.2,434.0,"District 1, Ho Chi Minh City"
8,Duc Vuong Saigon Hotel - Bui Vien,508.478,8.5,139.0,"District 1, Ho Chi Minh City"
9,HOME Hotel,810.185,9.2,148.0,"Phu Nhuan, Ho Chi Minh City"
10,Au Lac Charner Hotel,1931.321,8.9,1093.0,"District 1, Ho Chi Minh City"
11,Hà Nội Hotel,778.523,8.0,472.0,"Tan Binh, Ho Chi Minh City"
12,Vilion Boutique Hotel Ben Thanh,117.0,7.5,48.0,"District 1, Ho Chi Minh City"
13,LA VELA Saigon Hotel,1653.692,8.2,612.0,"District 3, Ho Chi Minh City"
14,Sunrise Central Hotel,742.9,7.8,176.0,"District 1, Ho Chi Minh City"
15,The Myst Dong Khoi,3158.163,8.6,1129.0,"District 1, Ho Chi Minh City"
16,The One Premium Hotel,487.5,8.0,53.0,"District 1, Ho Chi Minh City"
17,Cola's Homestay,368.64,8.9,307.0,"District 3, Ho Chi Minh City"
18,Emerald Central,570.591,8.8,199.0,"District 3, Ho Chi Minh City"
19,9 Hostel and Bar,353.832,8.2,904.0,"District 1, Ho Chi Minh City"
20,Silverland Yen Hotel,2238.39,8.8,932.0,"District 1, Ho Chi Minh City"
21,Ibis Saigon Airport,1152.0,8.3,944.0,"Tan Binh, Ho Chi Minh City"
22,Emerald Serviced Apartment,587.4,9.1,28.0,"District 7, Ho Chi Minh City"
23,Caravelle Saigon,3296.456,8.9,522.0,"District 1, Ho Chi Minh City"
24,Fusion Suites Saigon,3218.984,9.0,1057.0,"District 1, Ho Chi Minh City"
25,Orchids Saigon Hotel,1477.59,8.9,2112.0,"District 3, Ho Chi Minh City"
26,Quý Hùng Hotel - City Centre,389.52,7.3,195.0,"District 1, Ho Chi Minh City"
27,Sao Mai Hotel,180.0,7.7,133.0,"District 5, Ho Chi Minh City"
28,New World Saigon Hotel,2901.28,8.8,369.0,"District 1, Ho Chi Minh City"
29,Paradise Saigon Boutique Hotel & Spa,1029.6,8.2,336.0,"District 1, Ho Chi Minh City"
30,DDA Hotel District 1- Bùi Viện-Đề Thám Walking Street,90.0,7.8,187.0,"District 1, Ho Chi Minh City"
31,Alagon Saigon Hotel & Spa,883.575,8.2,687.0,"District 1, Ho Chi Minh City"
32,Hotel Misaki Saigon Airport,1440.0,8.4,16.0,"Tan Binh, Ho Chi Minh City"
33,8B Aparthotel,850.0,9.2,103.0,"Tan Binh, Ho Chi Minh City"
34,Hotel Nikko Saigon,2411.565,9.0,681.0,"District 1, Ho Chi Minh City"
35,Emerald Boutique Hotel,216.0,8.0,107.0,"District 1, Ho Chi Minh City"
36,Liberty Central Saigon Citypoint,3438.184,8.7,644.0,"District 1, Ho Chi Minh City"
37,Air Star Hotel,919.0,8.6,40.0,"Tan Binh, Ho Chi Minh City"
38,UpTown Hotel,730.431,8.4,590.0,"District 1, Ho Chi Minh City"
39,Novotel Saigon Centre,2200.0,8.0,212.0,"District 3, Ho Chi Minh City"
40,Saigon Fairy Land - Masteri Millennium,1620.0,9.2,25.0,"District 4, Ho Chi Minh City"
41,Lucky Star Hotel 146 Nguyen Trai,176.0,8.2,925.0,"District 1, Ho Chi Minh City"
42,S Lux Apartment,1232.5,9.0,54.0,"District 4, Ho Chi Minh City"
43,Prostyle Hotel Ho Chi Minh プロスタイルホテルホーチミン,1290.913,8.3,244.0,"District 1, Ho Chi Minh City"
44,Indochine Ben Thanh Hotel & Apartments,1125.0,8.2,726.0,"District 1, Ho Chi Minh City"
45,Sofitel Saigon Plaza,4000.0,8.6,221.0,"District 1, Ho Chi Minh City"
46,Oscar Saigon Hotel,686.057,7.9,272.0,"District 1, Ho Chi Minh City"
47,Gia Long King Hotel,720.0,8.6,569.0,"District 1, Ho Chi Minh City"
48,Ace Hotel Ben Thanh,120.0,7.7,189.0,"District 1, Ho Chi Minh City"
49,EdenStar Saigon Hotel & Spa,1102.152,8.4,326.0,"District 1, Ho Chi Minh City"
50,The Blue Airport Hotel,450.0,7.2,187.0,"Tan Binh, Ho Chi Minh City"
51,Grand Hotel Saigon,3638.013,8.6,1379.0,"District 1, Ho Chi Minh City"
52,Adora Art Hotel,560.0,8.6,318.0,"District 1, Ho Chi Minh City"
53,Vy Vy Airport Hotel,440.0,8.6,333.0,"Tan Binh, Ho Chi Minh City"
54,Vilion Central Hotel,117.0,7.0,464.0,"District 1, Ho Chi Minh City"
55,PARKROYAL Saigon,1972.599,8.3,93.0,"Tan Binh, Ho Chi Minh City"
56,"InterContinental Saigon, an IHG Hotel",4430.0,8.7,136.0,"District 1, Ho Chi Minh City"
57,Green Star Hotel,420.0,7.6,734.0,"District 1, Ho Chi Minh City"
58,Hotel Des Arts Saigon Mgallery Collection,2923.2,9.0,213.0,"District 3, Ho Chi Minh City"
59,Calmette Hotel,500.65,8.4,151.0,"District 1, Ho Chi Minh City"
60,Huong Sen Annex Hotel,783.0,8.9,609.0,"District 1, Ho Chi Minh City"
61,Charmaine's Hotel & Apartment,800.0,9.0,68.0,"District 7, Ho Chi Minh City"
62,Cicilia Saigon Hotels & Spa,925.585,7.9,882.0,"District 1, Ho Chi Minh City"
63,Grand Lee Hotel,501.0,9.1,398.0,"Binh Thanh, Ho Chi Minh City"
64,Thien Ha Hotel & Apartment,601.92,8.2,190.0,"District 7, Ho Chi Minh City"
65,Pharaon Hotel 2,585.0,8.1,96.0,"District 1, Ho Chi Minh City"
66,Hotel Majestic Saigon,2122.449,8.4,1035.0,"District 1, Ho Chi Minh City"
67,Winsuites Saigon,1093.091,8.8,2041.0,"District 1, Ho Chi Minh City"
68,Hotel Continental Saigon,1793.552,8.0,216.0,"District 1, Ho Chi Minh City"
69,Huong Sen Hotel,807.563,8.6,660.0,"District 1, Ho Chi Minh City"
70,Vinpearl Luxury Landmark 81,3981.826,9.0,347.0,"Binh Thanh, Ho Chi Minh City"
71,Ailen Garden Hotel,434.7,8.1,133.0,"District 1, Ho Chi Minh City"
72,Na Nue Hotel,481.574,8.3,371.0,"District 1, Ho Chi Minh City"
73,Pullman Saigon Centre,2272.0,8.5,466.0,"District 1, Ho Chi Minh City"
74,Homestead Parkview,789.21,8.1,290.0,"District 1, Ho Chi Minh City"
75,Cabana Hotel SaiGon,202.5,7.6,703.0,"District 1, Ho Chi Minh City"
76,Rex Hotel,2714.026,8.2,629.0,"District 1, Ho Chi Minh City"
77,Cap Town Hotel,546.197,8.7,111.0,"District 1, Ho Chi Minh City"
78,Sunshine Boutique Hotel Phu My Hung,642.048,8.0,87.0,"District 7, Ho Chi Minh City"
79,RedDoorz Premium Ura Hotel,440.257,8.5,13.0,"District 7, Ho Chi Minh City"
80,Aladdin Hotel,490.0,8.0,135.0,"Phu Nhuan, Ho Chi Minh City"
81,Botanist Lab Minihotel by CIRCADIAN,751.12,8.1,15.0,"District 1, Ho Chi Minh City"
82,Vy Khanh Guesthouse,350.0,9.5,197.0,"District 1, Ho Chi Minh City"
83,CityHouse - Kim Nguyên,934.413,9.1,68.0,"Phu Nhuan, Ho Chi Minh City"
84,The Lumiere,410.4,7.7,164.0,"Tan Binh, Ho Chi Minh City"
85,Icon Saigon - LifeStyle Design Hotel,1263.386,8.7,1322.0,"District 1, Ho Chi Minh City"
86,Liberty Central Saigon Centre Hotel,1311.245,8.1,376.0,"District 1, Ho Chi Minh City"
87,Bay Hotel Ho Chi Minh,714.865,8.2,211.0,"District 1, Ho Chi Minh City"
88,Muong Thanh Luxury Saigon Hotel,1756.8,8.2,427.0,"Phu Nhuan, Ho Chi Minh City"
89,Cozrum Homes Ambera House,592.476,8.3,72.0,"District 1, Ho Chi Minh City"
90,Rosa Hotel & Spa,427.5,7.3,297.0,"District 1, Ho Chi Minh City"
91,Northern Saigon Hotel,1174.927,8.1,324.0,"District 1, Ho Chi Minh City"
92,Ipeace Hotel,472.943,8.2,490.0,"District 1, Ho Chi Minh City"
93,Renaissance Riverside Hotel Saigon,3132.0,8.5,102.0,"District 1, Ho Chi Minh City"
94,Savanna Hotel,450.0,8.1,444.0,"District 1, Ho Chi Minh City"
95,Vika Homestay,477.0,8.7,213.0,"District 1, Ho Chi Minh City"
96,Cozrum Homes - Rivera Corner,551.042,8.8,100.0,"District 1, Ho Chi Minh City"
97,Dai Nam Sai Gon Hotel,589.5,8.4,93.0,"District 1, Ho Chi Minh City"
98,Spotlight Hotel,450.0,8.6,299.0,"District 1, Ho Chi Minh City"
99,Little Saigon Boutique Hotel,840.0,8.6,157.0,"District 1, Ho Chi Minh City"
100,Athena Hotel,1280.0,7.8,79.0,"District 10, Ho Chi Minh City"
101,MAI HOUSE Saigon,2333.941,9.2,405.0,"District 3, Ho Chi Minh City"
102,Asian Ruby Center Point Hotel,840.0,8.0,493.0,"District 1, Ho Chi Minh City"
103,Sunflowers Hotel,580.0,7.2,23.0,"Tan Binh, Ho Chi Minh City"
104,Phan Anh Hotel - Bui Vien Walking Street,500.0,8.5,230.0,"District 1, Ho Chi Minh City"
105,Alagon City Hotel & Spa,826.403,8.3,486.0,"District 1, Ho Chi Minh City"
106,Ruby Star RedDoorz Hotel,458.378,8.2,21.0,"District 3, Ho Chi Minh City"
107,M Hotel Saigon,1862.088,8.8,499.0,"District 1, Ho Chi Minh City"
108,Saigon Prince Hotel,1361.659,8.0,491.0,"District 1, Ho Chi Minh City"
109,RedDoorz Yen Nam - Hoang Van Thu Street,462.792,8.9,21.0,"Phu Nhuan, Ho Chi Minh City"
110,My Villa Hotel - Airport,614.965,8.1,353.0,"Tan Binh, Ho Chi Minh City"
111,Meander Saigon,837.9,8.9,122.0,"District 1, Ho Chi Minh City"
112,Spring House Hotel,500.0,7.9,42.0,"District 1, Ho Chi Minh City"
113,RedDoorz Marieline 1 Hotel,385.0,8.1,239.0,"District 1, Ho Chi Minh City"
114,Palace Hotel Saigon,992.262,7.3,231.0,"District 1, Ho Chi Minh City"
115,Le Méridien Saigon,3888.0,8.7,85.0,"District 1, Ho Chi Minh City"
116,Pharaon Hotel,545.965,8.2,34.0,Ho Chi Minh City
117,INDO Serviced Apartment,659.6,8.2,223.0,"District 1, Ho Chi Minh City"
118,Trường Cán Bộ Quản Lý Nông Nghiệp Và Phát Triển Nông Thôn 2,465.0,7.6,35.0,"District 1, Ho Chi Minh City"
119,RedDoorz Quynh Giang near HIECC Tan Binh,347.327,7.7,244.0,"Tan Binh, Ho Chi Minh City"
120,The Reverie Saigon,6325.475,9.3,225.0,"District 1, Ho Chi Minh City"
121,Sanouva Saigon Hotel,964.449,8.7,196.0,"District 1, Ho Chi Minh City"
122,Green Cocoon,585.0,8.3,276.0,"Binh Thanh, Ho Chi Minh City"
123,Little Brick Saigon Hotel,452.57,8.1,124.0,"District 1, Ho Chi Minh City"
124,Eastin Grand Hotel Saigon,1398.831,8.6,265.0,"Phu Nhuan, Ho Chi Minh City"
125,Windsor Plaza Hotel,2069.732,8.5,142.0,"District 5, Ho Chi Minh City"
126,Galaxy Hotel,659.25,8.6,27.0,"District 7, Ho Chi Minh City"
127,A in Hotel Glamour,490.05,7.9,495.0,"District 2, Ho Chi Minh City"
128,BLESSED Hotel,820.8,8.7,40.0,"District 7, Ho Chi Minh City"
129,Venus Hotel,330.0,7.9,275.0,"Go Vap District , Ho Chi Minh City"
130,Sky Villa,3245.0,9.3,19.0,"District 4, Ho Chi Minh City"
131,Shinhua Hotel,570.0,8.6,118.0,"District 7, Ho Chi Minh City"
132,Bong Sen Hotel Saigon,852.402,7.7,106.0,"District 1, Ho Chi Minh City"
133,Queen Ann Hotel,728.0,8.8,140.0,"District 1, Ho Chi Minh City"
134,La Memoria Hotel - City Centre,601.026,9.0,315.0,"District 1, Ho Chi Minh City"
135,RedDoorz Plus near Hoang Van Thu Park 1,370.094,5.5,32.0,"Tan Binh, Ho Chi Minh City"
136,Cozrum Homes - Saphera Residence,507.399,8.8,103.0,"District 1, Ho Chi Minh City"
137,Mecozy Apartel,752.4,8.7,357.0,"District 2, Ho Chi Minh City"
138,H79 HOTEL,136.0,7.7,450.0,"Tan Binh, Ho Chi Minh City"
139,Asian Ruby Boutique Hotel Bùi Thị Xuân,500.0,7.9,30.0,"District 1, Ho Chi Minh City"
140,Wink Hotel Saigon Centre,1219.476,8.9,181.0,"District 1, Ho Chi Minh City"
141,Sense Legend Hotel & Spa,153.9,7.5,960.0,"District 1, Ho Chi Minh City"
142,Hoàng Ngân Hotel and Suites - City Centre,524.0,9.1,409.0,"District 1, Ho Chi Minh City"
143,Bin Bin Hotel 6 - Near SECC D7,450.0,8.2,50.0,"District 7, Ho Chi Minh City"
144,RedDoorz near Vincom Go Vap 2,259.74,7.4,44.0,"Go Vap District , Ho Chi Minh City"
145,Royal Dragon Boutique Hotel,804.311,8.1,109.0,"Tan Binh, Ho Chi Minh City"
146,Urban Lodge Hotel,712.5,8.7,68.0,"District 1, Ho Chi Minh City"
147,Central Apartments - Free Pool&Gym - RiverGate Residence Building,800.0,9.1,127.0,"District 4, Ho Chi Minh City"
148,Sunshine Garden,495.0,8.5,13.0,"District 7, Ho Chi Minh City"
149,Boutique Hotel By Diamond Suites,520.874,8.1,74.0,"District 7, Ho Chi Minh City"
150,SaiGon Rose Hotel,309.744,8.1,78.0,"Go Vap District , Ho Chi Minh City"
151,EROS Hotel,611.8,8.0,147.0,"Phu Nhuan, Ho Chi Minh City"
152,Ruby Saigon Hotel and Suites - Ben Thanh,308.0,8.0,614.0,"District 1, Ho Chi Minh City"
153,Park Hill Hotel - Phu My Hung,575.0,8.4,155.0,"District 7, Ho Chi Minh City"
154,Bluesky Serviced Apartment Airport Plaza,1088.909,8.5,142.0,"Tan Binh, Ho Chi Minh City"
155,Luxy Park Hotel & Apartments - Notre Dame,782.694,8.7,391.0,"District 1, Ho Chi Minh City"
156,Hue My Hotel,501.591,8.1,192.0,"District 10, Ho Chi Minh City"
157,"Holiday Inn & Suites Saigon Airport, an IHG Hotel",2209.0,8.8,59.0,"Tan Binh, Ho Chi Minh City"
158,Thanh Long Hotel - Tra Khuc,880.0,8.9,521.0,"Tan Binh, Ho Chi Minh City"
159,Metro Hotel - Ben Thanh Market,469.625,7.0,213.0,"District 1, Ho Chi Minh City"
160,Roseland Centa Hotel & Spa,1059.038,8.0,176.0,"District 1, Ho Chi Minh City"
161,Saigon Royal Arrivals-10 stars service apartment-Luxurious place-best place,3404.7,9.2,65.0,"District 4, Ho Chi Minh City"
162,Erato Boutique Hotel,443.045,7.8,301.0,"Tan Binh, Ho Chi Minh City"
163,Huy Hoang 1 Hotel,370.0,7.8,33.0,"Tan Binh, Ho Chi Minh City"
164,Dong Khanh Hotel,807.331,7.4,70.0,"District 5, Ho Chi Minh City"
165,RedDoorz near Tan Huong Market 2,217.98,7.3,116.0,"Tan Phu District, Ho Chi Minh City"
166,Cactusland Apartment,630.0,8.7,375.0,"Phu Nhuan, Ho Chi Minh City"
167,Sao Nam Hotel - Bui Vien Walking Street,480.0,7.8,129.0,"District 1, Ho Chi Minh City"
168,M&H Hotel,600.0,8.1,220.0,"District 1, Ho Chi Minh City"
169,Northern Charm Hotel,1489.5,8.0,46.0,"District 1, Ho Chi Minh City"
170,Vinhomes Luxury Apartment,1170.0,7.8,39.0,"Binh Thanh, Ho Chi Minh City"
171,RedDoorz Plus near Phan Xich Long,419.812,7.0,46.0,"Phu Nhuan, Ho Chi Minh City"
172,La Galerie Hotel,490.959,8.3,156.0,Ho Chi Minh City
173,Rang Dong Hotel,595.0,8.3,151.0,"District 1, Ho Chi Minh City"
174,Prague Hotel,744.603,8.3,917.0,"District 1, Ho Chi Minh City"
175,Botanic House Saigon,675.0,8.1,234.0,"District 1, Ho Chi Minh City"
176,White Diamond Hotel - Airport,643.774,7.9,339.0,"Tan Binh, Ho Chi Minh City"
177,Chill Suites,754.128,8.6,487.0,"District 1, Ho Chi Minh City"
178,Minh Chau Hotel,426.782,7.4,296.0,"District 10, Ho Chi Minh City"
179,Saigon Hanoi Central Hotel,787.5,7.9,121.0,"District 1, Ho Chi Minh City"
180,Saigonciti Hotel,572.0,7.6,195.0,"District 1, Ho Chi Minh City"
181,ART & LANG FAMILY,225.0,9.1,122.0,"Tan Binh, Ho Chi Minh City"
182,Somerset Ho Chi Minh City,2593.78,8.9,743.0,"District 1, Ho Chi Minh City"
183,First Hotel,1054.688,7.6,82.0,"Tan Binh, Ho Chi Minh City"
184,Ohana Hotel,154.4,8.7,184.0,"District 1, Ho Chi Minh City"
185,Avanti Hotel,798.0,8.3,570.0,"District 1, Ho Chi Minh City"
186,LeBlanc Saigon,534.581,8.1,93.0,"District 3, Ho Chi Minh City"
187,Vân Anh Luxury,641.25,8.2,250.0,"District 1, Ho Chi Minh City"
188,Aristo Saigon Hotel,990.0,8.1,542.0,"District 3, Ho Chi Minh City"
189,Grand Cititel Central Saigon Hotel,1020.0,8.0,311.0,"District 1, Ho Chi Minh City"
190,TN Central Hotel,498.4,8.7,174.0,"District 1, Ho Chi Minh City"
191,Saigonciti Hotel A,861.3,8.2,859.0,"District 1, Ho Chi Minh City"
192,Silverland Sil Hotel & Spa,611.481,7.8,207.0,"District 1, Ho Chi Minh City"
193,Rosa Hotel,522.0,8.0,55.0,Ho Chi Minh City
194,Amanaki Saigon Boutique Hotel,1262.5,8.6,327.0,"District 1, Ho Chi Minh City"
195,ALUNA Ben Thanh Hotel,636.804,8.3,268.0,"District 1, Ho Chi Minh City"
196,The Arrivals Hotel from Sunland hotel,979.29,8.5,1388.0,"District 1, Ho Chi Minh City"
197,Asian Kitchen Hotel,447.525,8.5,427.0,"District 1, Ho Chi Minh City"
198,Bon Ami Hotel - Thiên Xuân Hotel,623.794,8.4,231.0,"District 1, Ho Chi Minh City"
199,Thanh Long Hotel - Bach Dang,943.0,8.8,111.0,"Tan Binh, Ho Chi Minh City"
200,Thanh Long Hotel - Bach Dang,943.0,8.8,111.0,"Tan Binh, Ho Chi Minh City"
201,The Odys Boutique Hotel,1005.615,8.3,593.0,"District 1, Ho Chi Minh City"
202,RedDoorz Premium @ Hang Xanh,433.519,7.7,126.0,"Binh Thanh, Ho Chi Minh City"
203,Hotel L'Odéon Phu My Hung,824.893,8.3,66.0,"District 7, Ho Chi Minh City"
204,My Anh 120 Central Saigon Hotel Ben Thanh Market,437.4,8.6,504.0,"District 1, Ho Chi Minh City"
205,Sai Gon River Hotel,312.0,7.4,76.0,"District 2, Ho Chi Minh City"
206,Bland Landmark Plus Luxury Residence,1555.556,8.9,82.0,"Binh Thanh, Ho Chi Minh City"
207,HAPPYHOMES 102 Luxury Bui Vien Apartment,600.0,7.6,100.0,"District 1, Ho Chi Minh City"
208,A in Hotel Del Luna,598.5,8.5,521.0,"District 1, Ho Chi Minh City"
209,RedDoorz Plus near Nguyen Hue Walking Street,403.317,8.0,52.0,"District 4, Ho Chi Minh City"
210,TD Hotel Saigon,544.0,6.9,49.0,"District 1, Ho Chi Minh City"
211,Chez Mimosa Local,790.68,9.1,473.0,"District 1, Ho Chi Minh City"
212,The Art - Tina Hotel and Apartments,659.736,9.2,623.0,"Binh Thanh, Ho Chi Minh City"
213,NTA Serviced Apartments,1496.0,9.2,81.0,"District 1, Ho Chi Minh City"
214,Ngoc Minh Hotel,520.0,8.3,177.0,"District 1, Ho Chi Minh City"
215,White Lotus Hotel,703.714,7.7,40.0,"District 1, Ho Chi Minh City"
216,Caroline Hotel,419.3,7.4,168.0,"District 10, Ho Chi Minh City"
217,Liberty Hotel Saigon Parkview,764.712,7.9,98.0,"District 1, Ho Chi Minh City"
218,Cozrum Lux Hotel,509.954,8.4,357.0,"District 1, Ho Chi Minh City"
219,Triple E,762.724,8.6,639.0,"District 1, Ho Chi Minh City"
220,ZO APARTMENT MILLENNIUM - Free pool & gym,854.05,10.0,6.0,"District 4, Ho Chi Minh City"
221,Beauty House,509.15,8.5,496.0,"District 1, Ho Chi Minh City"
222,Me Gustas MetroPoint,777.6,7.9,50.0,"District 1, Ho Chi Minh City"
223,SoLex Hotel,1069.2,8.4,49.0,"Tan Binh, Ho Chi Minh City"
224,The Arrivals Hotel,1038.825,7.2,14.0,"District 1, Ho Chi Minh City"
225,A25 Hotel - 251 Hai Bà Trưng HCM,785.4,8.0,2.0,"District 3, Ho Chi Minh City"
226,Dlux Saigon,405.0,7.3,143.0,"District 3, Ho Chi Minh City"
227,Aquari Hotel,1226.214,8.3,106.0,"District 1, Ho Chi Minh City"
228,BAP.Homestay,333.7,8.7,267.0,"Tan Binh, Ho Chi Minh City"
229,Minh Hoang Hotel,405.0,8.1,54.0,"Tan Binh, Ho Chi Minh City"
230,The White House,500.0,9.4,448.0,"District 1, Ho Chi Minh City"
231,RedDoorz @ Nguyen Kiem Street,329.7,6.9,152.0,"Phu Nhuan, Ho Chi Minh City"
232,RedDoorz Yen Nam - Nguyen Trong Tuyen Street,545.268,7.9,90.0,"Phu Nhuan, Ho Chi Minh City"
233,Cozrum Homes The Gallery Residence,497.873,8.8,139.0,"Binh Thanh, Ho Chi Minh City"
234,Vien Dong Hotel,847.988,8.1,222.0,"District 1, Ho Chi Minh City"
235,A25 Hotel - Lê Thị Hồng Gấm,664.02,7.6,11.0,"District 1, Ho Chi Minh City"
236,Dinh Phat Hotel,630.0,8.2,145.0,"District 1, Ho Chi Minh City"
237,Aiden Saigon Hotel,589.874,8.0,205.0,"District 6, Ho Chi Minh City"
238,Full House Hostel,346.5,9.3,396.0,"District 1, Ho Chi Minh City"
239,City By Night Ben Thanh Apartments,2800.0,8.9,43.0,"District 1, Ho Chi Minh City"
240,Ngan Ha Apartment,918.0,9.3,49.0,"District 7, Ho Chi Minh City"
241,Sogo Hotel Saigon,337.5,9.1,30.0,"District 1, Ho Chi Minh City"
242,Elios Hotel,742.744,7.8,277.0,"District 1, Ho Chi Minh City"
243,Teddy Apartment at Sky Center Luxury,711.607,8.5,65.0,"Tan Binh, Ho Chi Minh City"
244,Lam Kinh Hotel,500.2,8.3,197.0,"District 5, Ho Chi Minh City"
245,Cozrum Homes Delightful Corner,422.832,8.7,140.0,"District 1, Ho Chi Minh City"
246,The Haven - Lofts by the Park,910.08,9.4,150.0,"District 1, Ho Chi Minh City"
247,Silverland Central Hotel,955.57,7.7,373.0,"District 1, Ho Chi Minh City"
248,Glenwood City Resort,997.605,8.0,95.0,"District 2, Ho Chi Minh City"
249,Victory Airport Hotel,583.601,8.6,346.0,"Tan Binh, Ho Chi Minh City"
250,Nesta Hotel Saigon-Formerly Saigon Princess Hotel,1355.75,8.3,220.0,"District 1, Ho Chi Minh City"
251,Queen Central Apartment Hotel,270.0,6.7,107.0,"District 1, Ho Chi Minh City"
252,Sophia Hotel,789.75,7.5,123.0,"District 1, Ho Chi Minh City"
253,Cosmo Park Hotel,425.0,7.8,324.0,"District 1, Ho Chi Minh City"
254,The Airport Hotel,669.794,8.0,189.0,"Tan Binh, Ho Chi Minh City"
255,Gia Vien Hotel,380.0,8.3,201.0,"District 1, Ho Chi Minh City"
256,SECC 3 APARTMENT,684.0,7.9,128.0,"District 7, Ho Chi Minh City"
257,HANZ Meraki Hotel Bui Vien Walking Street,81.0,8.0,96.0,"District 1, Ho Chi Minh City"
258,Bach Suites Saigon,2172.6,8.6,34.0,"District 3, Ho Chi Minh City"
259,AHA Boutique Hotel,529.412,6.3,210.0,"District 1, Ho Chi Minh City"
260,Sunny Serviced Apartment,1117.253,8.6,68.0,"District 1, Ho Chi Minh City"
261,RedDoorz near Mien Dong Bus Station,390.788,5.7,14.0,"Binh Thanh, Ho Chi Minh City"
262,Saigon Cozy Hotel - Pham Ngu Lao & Bui Vien Street,420.0,9.3,7.0,"District 1, Ho Chi Minh City"
263,RedDoorz Plus near Ben Thanh Market,377.064,7.1,64.0,"District 1, Ho Chi Minh City"
264,Ramana Saigon Hotel,868.665,7.7,112.0,"District 3, Ho Chi Minh City"
265,Saigon Sky Garden Serviced Apartments,2700.0,8.3,43.0,"District 1, Ho Chi Minh City"
266,The Spring House,692.308,8.9,27.0,"Binh Thanh, Ho Chi Minh City"
267,Lotte Hotel Saigon,3108.282,8.7,211.0,"District 1, Ho Chi Minh City"
268,A&EM - The Petit Hotel,552.0,7.0,57.0,"District 1, Ho Chi Minh City"
269,RedDoorz near Him Lam,316.892,7.5,93.0,"District 7, Ho Chi Minh City"
270,Blue Diamond Luxury Hotel,1106.334,8.2,361.0,"District 1, Ho Chi Minh City"
271,Sabina Hotel,1474.105,8.9,124.0,"District 7, Ho Chi Minh City"
272,RedDoorz Thinh Gia Phat Hotel,367.771,7.5,46.0,"Tan Binh, Ho Chi Minh City"
273,HANZ Beautiful Saigon Boutique Hotel,390.15,8.058728448275861,135.6149732620321,"District 1, Ho Chi Minh City"
274,The Royal Hotel & Apartment - Phu My Hung,863.24,8.7,187.0,"District 7, Ho Chi Minh City"
275,Nhat Ha L’Opera Hotel,2726.0,8.1,83.0,"District 1, Ho Chi Minh City"
276,Smiley Apartment 3,495.0,7.2,46.0,"District 1, Ho Chi Minh City"
277,Hoang Lan Hotel,882.0,9.3,279.0,"District 3, Ho Chi Minh City"
278,Me Gustas Downtown Hotel (Formerly Dragon Palace 3 Hotel),437.933,7.5,206.0,"District 1, Ho Chi Minh City"
279,Full House Saigon Hotel,550.0,7.8,107.0,"District 1, Ho Chi Minh City"
280,A&EM Saigon Hotel,1920.0,8.0,395.0,"District 1, Ho Chi Minh City"
281,SONNET HOTEL,607.283,8.7,112.0,"District 3, Ho Chi Minh City"
282,Phong Lan 2 Hotel,449.28,7.1,33.0,"District 9, Ho Chi Minh City"
283,Bonita Signature Hotel,598.5,7.3,946.0,"District 1, Ho Chi Minh City"
284,The Art - G9 Homestay,684.0,9.4,671.0,"District 1, Ho Chi Minh City"
285,RIVERGATE ROSE HOME STUDIO NEAR CENTER FREE POOL & GYM,900.0,9.2,9.0,"District 4, Ho Chi Minh City"
286,Golden Tree Apartments,920.0,9.3,52.0,"District 7, Ho Chi Minh City"
287,"SaiGon CoZy Hotel ""241 Pham Ngu Lao Street''",485.56,8.9,44.0,"District 1, Ho Chi Minh City"
288,Kiki's House Saigon,300.0,7.8,371.0,"District 1, Ho Chi Minh City"
289,Senses Central Hotel,544.0,7.1,130.0,"District 1, Ho Chi Minh City"
290,Vietdream Hostel,129.2,7.2,308.0,"District 1, Ho Chi Minh City"
291,Tuan Long Hotel,351.5,8.2,217.0,"District 7, Ho Chi Minh City"
292,RedDoorz Minh Thu Quang Trung,301.326,7.8,10.0,"Go Vap District , Ho Chi Minh City"
293,RedDoorz Kim Dung Hotel,371.256,7.8,118.0,"District 1, Ho Chi Minh City"
294,Sunrise City - 5 star,1600.0,7.4,6.0,"District 7, Ho Chi Minh City"
295,Imai House,450.0,7.6,19.0,"District 10, Ho Chi Minh City"
296,Mari Hotel By Connek,574.076,8.5,181.0,"District 1, Ho Chi Minh City"
297,Blue Diamond Hotel,1062.4,8.0,36.0,"District 1, Ho Chi Minh City"
298,A&EM Phan Boi Chau,975.999,7.4,157.0,"District 1, Ho Chi Minh City"
299,Citadines Regency Saigon,2041.2,8.8,545.0,"District 3, Ho Chi Minh City"
300,Hoàn Vũ Hotel,260.0,7.1,55.0,"Binh Thanh, Ho Chi Minh City"
301,RedDoorz Plus Phuong Nam Hotel,350.0,5.3,15.0,"Thu Duc District, Ho Chi Minh City"
302,Park Hyatt Saigon,6780.0,9.0,153.0,"District 1, Ho Chi Minh City"
303,RedDoorz near Saigon Train Station 2,361.9,7.0,45.0,"District 10, Ho Chi Minh City"
304,Silk Hotel near Tan Son Nhat Airport,450.0,8.4,252.0,"Tan Binh, Ho Chi Minh City"
305,ACE Hotel - Bến Thành,425.0,7.9,18.0,"District 1, Ho Chi Minh City"
306,F-Hotel & Apartment,980.1,9.4,8.0,"Phu Nhuan, Ho Chi Minh City"
307,Tan Son Nhat Saigon Hotel,1276.861,7.9,80.0,"Phu Nhuan, Ho Chi Minh City"
308,The Hammock Hotel Fine Arts Museum,824.523,9.2,412.0,"District 1, Ho Chi Minh City"
309,SABINA Residence - HCM,784.795,8.6,100.0,"District 7, Ho Chi Minh City"
310,Joviale Hotel,536.249,7.5,1090.0,"District 1, Ho Chi Minh City"
311,Chez Mimosa Petite,823.86,9.2,370.0,"District 1, Ho Chi Minh City"
312,La Casona Hotel,443.848,9.1,17.0,"District 7, Ho Chi Minh City"
313,RedDoorz Nguyen Khang Hotel,325.125,6.0,1.0,"District 2, Ho Chi Minh City"
314,The Akoya Ben Thanh Hotel,506.469,8.9,384.0,"District 1, Ho Chi Minh City"
315,Sunshine Apartment - Ben Thanh,610.4,8.4,207.0,"District 1, Ho Chi Minh City"
316,M Boutique Hotel,1186.254,8.3,215.0,"District 1, Ho Chi Minh City"
317,Go Sweet House - Rivergate Residence,950.0,9.0,209.0,"District 4, Ho Chi Minh City"
318,Lestar Hotel Saigon 1,541.5,9.0,280.0,"District 1, Ho Chi Minh City"
319,Me Gustas Central Hotel,964.151,8.3,323.0,"District 1, Ho Chi Minh City"
320,Vinhomes Luxury - Homes by Christine,1282.5,7.6,14.0,"Binh Thanh, Ho Chi Minh City"
321,"Millennium Spacious Aparts, FREE Pool&Gym and CENTRAL Location",1250.0,10.0,5.0,"District 4, Ho Chi Minh City"
322,Gemini Saigon Group,619.2,7.8,78.0,"District 1, Ho Chi Minh City"
323,A-In Hotel Riverside,693.0,8.3,552.0,"District 4, Ho Chi Minh City"
324,Saigon Charm Hotel,181.5,6.0,108.0,"District 1, Ho Chi Minh City"
325,Sen Boutique House,817.089,9.2,57.0,"District 2, Ho Chi Minh City"
326,Gemini Saigon Center - New & Clean with Day Use Available,422.37,8.9,1003.0,"District 1, Ho Chi Minh City"
327,Apa Saigon Apartment,483.934,8.7,411.0,"District 1, Ho Chi Minh City"
328,Somerset Chancellor Court,2401.361,8.8,277.0,"District 1, Ho Chi Minh City"
329,Thao Nhi Hotel,300.0,8.5,38.0,"District 1, Ho Chi Minh City"
330,S Phuot Airport Hostel,371.07,8.9,250.0,"Tan Binh, Ho Chi Minh City"
331,Vinhomes Central Park-Luxury Arpartment,1250.0,7.6,37.0,"Binh Thanh, Ho Chi Minh City"
332,SaiGon Huch Villa,1056.0,9.3,43.0,"Phu Nhuan, Ho Chi Minh City"
333,Spacious Saigon - Infinity Pool & Gym,1125.0,8.9,59.0,"District 4, Ho Chi Minh City"
334,Chillaxroom,2168.0,9.0,32.0,"District 1, Ho Chi Minh City"
335,Royal Hotel Saigon,1450.0,7.9,177.0,"District 1, Ho Chi Minh City"
336,Winston Hotel Riverside,500.0,7.8,45.0,"Thu Duc District, Ho Chi Minh City"
337,TeeUp Home,1100.0,8.9,125.0,"District 4, Ho Chi Minh City"
338,CHERRY BOUTIQUE HOTEL,867.735,8.3,3.0,"District 1, Ho Chi Minh City"
339,Bờ Sông Hotel,330.0,8.7,24.0,"Go Vap District , Ho Chi Minh City"
340,NGAN HA Hotel,349.65,8.2,117.0,"District 5, Ho Chi Minh City"
341,Luxury Vinhomes Central Park Humi homes,1469.02,8.3,22.0,"Binh Thanh, Ho Chi Minh City"
342,Garden View Court Serviced Apartments,2075.75,8.6,134.0,"District 1, Ho Chi Minh City"
343,June Home RIVERGate Luxury,1350.0,9.3,102.0,"District 4, Ho Chi Minh City"
344,HANZ Saigon Garden Hotel & Spa,436.59,6.3,3.0,"District 10, Ho Chi Minh City"
345,Simmi Apartment,912.0,8.9,43.0,"District 7, Ho Chi Minh City"
346,99 Bui Vien Hotel (Boutique),322.4,8.3,175.0,"District 1, Ho Chi Minh City"
347,Hera Hotel Airport,717.189,8.3,156.0,"Tan Binh, Ho Chi Minh City"
348,Saigon Hotel Dong Du,834.281,8.4,50.0,"District 1, Ho Chi Minh City"
349,Vuong Quang Hotel,820.573,7.7,24.0,"Tan Binh, Ho Chi Minh City"
350,Hotel Nhu Y 2,432.0,7.4,122.0,"Binh Tan District, Ho Chi Minh City"
351,Melinda Hotel,400.0,7.7,160.0,"Tan Binh, Ho Chi Minh City"
352,Hotel MTT,445.6,9.2,60.0,"Tan Binh, Ho Chi Minh City"
353,Royal Hotel,400.0,7.3,8.0,"District 2, Ho Chi Minh City"
354,Sherwood Residence,3116.226,9.3,257.0,"District 3, Ho Chi Minh City"
355,Ánh Thiên Hotel,385.0,7.6,191.0,"District 1, Ho Chi Minh City"
356,Sunshine Luxury Hotel,608.0,8.4,8.0,"District 7, Ho Chi Minh City"
357,Romantic Cabana Hotel,1504.8,9.5,20.0,"District 2, Ho Chi Minh City"
358,Khach San Dai An Binh Tan,333.128,7.1,14.0,"Binh Tan District, Ho Chi Minh City"
359,Tropical House,650.0,8.4,48.0,"District 3, Ho Chi Minh City"
360,Vinhomes Serviced Residences,1280.0,8.058728448275861,135.6149732620321,"Binh Thanh, Ho Chi Minh City"
361,NINASG-G68- SCENIC VALLEY APARTMENT IN DISTRICT 7,1330.0,8.9,12.0,"District 7, Ho Chi Minh City"
362,Mi_li_gam Coffee Home,550.0,8.9,56.0,"Phu Nhuan, Ho Chi Minh City"
363,"Classic Apartment - Vinhomes Central Park, Landmark & Ice Rink",1200.0,8.058728448275861,135.6149732620321,"Binh Thanh, Ho Chi Minh City"
364,ZO APARTMENT RIVER GATE - Free Gym and Pool,759.05,9.8,14.0,"District 4, Ho Chi Minh City"
365,Khách sạn Mai Lan,400.0,6.1,20.0,"District 5, Ho Chi Minh City"
366,RedDoorz Quy Phuc Hotel,331.5,5.7,12.0,"District 2, Ho Chi Minh City"
367,RedDoorz Chau Thien Tu 1 Hotel,483.0,8.3,4.0,"Tan Binh, Ho Chi Minh City"
368,Newyork Thien Phuc Hotel,450.8,7.9,57.0,"District 1, Ho Chi Minh City"
369,Riverside Serviced Apartments,2027.22,8.5,79.0,"District 2, Ho Chi Minh City"
370,"Home, Cosy&Luxury Apartment - 5mins to Airport, Free Pool&Gym, Airport Pick up Service",1500.0,8.7,52.0,"Tan Binh, Ho Chi Minh City"
371,LEE HOTEL,600.0,8.8,20.0,"Binh Thanh, Ho Chi Minh City"
372,Hoa Phat Hotel & Apartment,600.0,7.7,90.0,"Thu Duc District, Ho Chi Minh City"
373,Pharaon Hotel 3,613.571,8.1,18.0,"District 10, Ho Chi Minh City"
374,Summer Taste Homestay,315.0,8.9,158.0,"District 1, Ho Chi Minh City"
375,Harmony Saigon Hotel & Spa,1381.175,8.7,576.0,"District 1, Ho Chi Minh City"
376,Avanti Boutique Hotel,944.171,8.0,349.0,"District 1, Ho Chi Minh City"
377,RedDoorz Plus near Gia Dinh International Hospital 2,365.913,8.0,88.0,"Binh Thanh, Ho Chi Minh City"
378,Quynh Huong Hotel,703.125,3.0,2.0,"Phu Nhuan, Ho Chi Minh City"
379,TDH Apartment,405.0,7.3,17.0,"Tan Binh, Ho Chi Minh City"
380,Golden Crown Hotel,753.381,6.2,55.0,"Phu Nhuan, Ho Chi Minh City"
381,Cochin Zen Hotel,1036.8,8.5,847.0,"District 1, Ho Chi Minh City"
382,RedDoorz Plus near Nga Tu Binh Phuoc,329.902,6.9,58.0,"Thu Duc District, Ho Chi Minh City"
383,Somerset Vista Ho Chi Minh City,3929.31,9.1,39.0,"District 2, Ho Chi Minh City"
384,DYN OPERA Hotel,499.4,8.3,494.0,"District 1, Ho Chi Minh City"
385,Lavis 18 Residence,1024.787,8.8,45.0,"District 3, Ho Chi Minh City"
386,Cozrum Smart - Shusimi House,354.064,8.1,22.0,"Phu Nhuan, Ho Chi Minh City"
387,Dong Du Hotel,462.0,7.9,191.0,"District 1, Ho Chi Minh City"
388,RedDoorz near Gia Dinh Park,385.0,7.5,52.0,"Go Vap District , Ho Chi Minh City"
389,Saigon Hanoi Hotel,710.219,7.8,112.0,"District 1, Ho Chi Minh City"
390,A&EM 280 Le Thanh Ton Hotel & Spa,1560.0,7.8,96.0,"District 1, Ho Chi Minh City"
391,RedDoorz Song Anh Tan Binh,253.725,7.0,47.0,"Tan Binh, Ho Chi Minh City"
392,RIVERGate Apartment - Central SAIGON,1190.0,9.0,15.0,"District 4, Ho Chi Minh City"
393,khách sạn Thiên Cung,420.0,7.0,5.0,"Tan Binh, Ho Chi Minh City"
394,The Hammock Hotel Ben Thanh,984.828,8.8,123.0,"District 1, Ho Chi Minh City"
395,Phuong Hoang Hotel,377.852,7.1,17.0,"Go Vap District , Ho Chi Minh City"
396,Vera Saigon Apartments - Vinhomes Central Park,2103.75,9.3,31.0,"Binh Thanh, Ho Chi Minh City"
397,Cactusland Boutique Hotel,611.111,8.3,257.0,"District 3, Ho Chi Minh City"
398,Queen Central Hotel,439.095,7.6,497.0,"District 1, Ho Chi Minh City"
399,Happy Coffee Guesthouse,400.0,8.6,87.0,"Phu Nhuan, Ho Chi Minh City"
400,SaiGonCuCu Hotel Near Bui Vien Town,393.039,7.8,56.0,"District 1, Ho Chi Minh City"
401,"Home Away Homestay, City Center, D1",525.0,9.0,66.0,"District 1, Ho Chi Minh City"
402,RedDoorz near Tan Dinh Market 3,392.0,5.9,46.0,"District 3, Ho Chi Minh City"
403,Lotus Laverne Hotel,202.5,8.2,316.0,"Binh Thanh, Ho Chi Minh City"
404,Kha Thy Hotel 2,380.0,8.1,36.0,"District 2, Ho Chi Minh City"
405,Chez Mimosa,596.063,9.3,229.0,"District 4, Ho Chi Minh City"
406,Cozrum Homes - Summer's House,704.575,8.4,18.0,"District 10, Ho Chi Minh City"
407,LuxHomes Saigon - Vinhomes Central Park,1192.0,9.0,57.0,"Binh Thanh, Ho Chi Minh City"
408,Baoanh Hostel,362.0,9.5,232.0,"District 1, Ho Chi Minh City"
409,Saki Aparthotel,468.0,9.4,95.0,"District 7, Ho Chi Minh City"
410,Enjoy Hotel 7,492.995,6.4,12.0,Ho Chi Minh City
411,J&K Hotel,350.0,6.8,13.0,"District 4, Ho Chi Minh City"
412,Ben Thanh Motel,375.0,8.5,193.0,"District 1, Ho Chi Minh City"
413,Ibis Saigon South,851.904,7.5,104.0,"District 7, Ho Chi Minh City"
414,The Wooden Apartments - In the heart of Ben Thanh,1567.5,8.3,147.0,"District 1, Ho Chi Minh City"
415,Lá Hotel,420.0,8.0,116.0,"District 8, Ho Chi Minh City"
416,Chang ơi homestay,380.0,9.1,7.0,"District 1, Ho Chi Minh City"
417,Cozi 5 Service Apartment,390.0,8.3,11.0,"District 7, Ho Chi Minh City"
418,Bao Long Hotel,300.0,7.2,76.0,"Binh Thanh, Ho Chi Minh City"
419,Minh Vy,457.681,8.3,15.0,"District 1, Ho Chi Minh City"
420,Minh Nhu Hotel,495.0,5.0,2.0,"Tan Binh, Ho Chi Minh City"
421,Golda Hotel,759.0,8.0,117.0,"District 5, Ho Chi Minh City"
422,Hoang Long Hotel Airport,400.0,7.0,17.0,"Tan Binh, Ho Chi Minh City"
423,Herla Masteri Thao Dien Apartment,1748.45,8.3,15.0,"District 2, Ho Chi Minh City"
424,My Hotel,455.7,9.1,31.0,"District 1, Ho Chi Minh City"
425,Love Hotel Airport,595.0,8.5,119.0,"Tan Binh, Ho Chi Minh City"
426,RedDoorz Chau Thien Tu 3 Hotel,525.0,8.5,4.0,"Tan Binh, Ho Chi Minh City"
427,Saigon By Night Boutique Hotel,525.52,7.3,47.0,"District 7, Ho Chi Minh City"
428,Sedona Suites Ho Chi Minh City,3832.673,9.1,105.0,"District 1, Ho Chi Minh City"
429,"Central Apartments - Vinhomes Central Park, Landmark 81 Area & Ice Skating Rink",1250.0,9.3,19.0,"Binh Thanh, Ho Chi Minh City"
430,The Friday homestay - City Centre,642.612,9.8,89.0,"District 1, Ho Chi Minh City"
431,Atlas Hotel & Apartments,605.0,8.7,83.0,"District 7, Ho Chi Minh City"
432,Kim Hotel,413.49,8.5,36.0,"District 1, Ho Chi Minh City"
433,LAI HOTEL,588.0,5.5,4.0,"Phu Nhuan, Ho Chi Minh City"
434,Red DonPes Vinhomes Apartment,1350.9,10.0,2.0,"Binh Thanh, Ho Chi Minh City"
435,Sara's Homestay 2BR - Masteri Thao Dien,1200.0,8.058728448275861,135.6149732620321,"District 2, Ho Chi Minh City"
436,Nhat Minh Anh Hotel,325.0,8.0,82.0,"Tan Binh, Ho Chi Minh City"
437,Cozy Room@SaiGon,558.0,8.1,35.0,"District 5, Ho Chi Minh City"
438,HANZ Friday Hotel 662-7 Su Van Hanh,388.962,5.6,13.0,"District 10, Ho Chi Minh City"
439,Smiley Apartment 2,310.5,7.2,32.0,"District 8, Ho Chi Minh City"
440,Swan Hotel,447.459,8.9,39.0,"District 2, Ho Chi Minh City"
441,TTC Hotel - Airport,1064.283,7.2,78.0,"Tan Binh, Ho Chi Minh City"
442,Golden Hotel & Apartment,375.0,9.5,50.0,"District 7, Ho Chi Minh City"
443,Maison Royale,480.0,9.6,432.0,"District 3, Ho Chi Minh City"
444,Lá Hotel Bình Tân,360.0,7.9,38.0,"Binh Tan District, Ho Chi Minh City"
445,GoDa Home,900.0,8.5,4.0,"District 4, Ho Chi Minh City"
446,Doha 2 Hotel Saigon Airport,944.171,7.7,92.0,"Tan Binh, Ho Chi Minh City"
447,Bear's House - The Riverside,583.86,9.5,82.0,"Binh Thanh, Ho Chi Minh City"
448,Hani's Premium APT/ML1/2Bed/2Bath/Free Pool&Gym,1500.0,8.4,6.0,"District 4, Ho Chi Minh City"
449,Vaccinated Staff - OYO 1149 Avatar Hotel,304.392,7.1,18.0,Ho Chi Minh City
450,Thien Hai Hotel,550.0,8.8,129.0,"District 1, Ho Chi Minh City"
451,The Luxe Hotel,709.29,7.9,77.0,"District 1, Ho Chi Minh City"
452,THE SIX HOTEL-Hoang Long Son 3,283.5,6.8,105.0,"Thu Duc District, Ho Chi Minh City"
453,Liberty Central Saigon Riverside Hotel,1832.351,8.5,508.0,"District 1, Ho Chi Minh City"
454,Hoàng Quân Hotel,366.48,8.2,60.0,"Go Vap District , Ho Chi Minh City"
455,Khai Hoan Apartment Hotel,711.85,7.8,5.0,"District 11, Ho Chi Minh City"
456,Vinh Saigon Apartments,450.0,9.1,37.0,"District 7, Ho Chi Minh City"
457,THANH TAI HOTEL 2,329.412,10.0,1.0,"District 12, Ho Chi Minh City"
458,RedDoorz Plus near Nowzone Plaza,383.569,7.3,123.0,"District 5, Ho Chi Minh City"
459,Thanh Tai Hotel,315.033,8.2,31.0,"Tan Binh, Ho Chi Minh City"
460,Golden Tree Hotel & Apartment,1111.363,8.9,19.0,"District 7, Ho Chi Minh City"
461,Hong Hac Hotel,462.095,7.7,127.0,"District 1, Ho Chi Minh City"
462,Capitalland's Service Apartment Landmark 4 Vinhomes,1184.175,8.5,2.0,"Binh Thanh, Ho Chi Minh City"
463,Saigon Pink 3 Hotel,408.0,8.1,38.0,"District 1, Ho Chi Minh City"
464,JT MIA - Thao Dien Cozy and Spacious Place,675.0,8.6,11.0,"District 2, Ho Chi Minh City"
465,The Nguyens Cafe - Pink Church View,510.0,8.3,106.0,"District 1, Ho Chi Minh City"
466,Phu My Hung Simmi Apartment,608.0,9.5,29.0,"District 7, Ho Chi Minh City"
467,VND HOTEL,400.0,3.7,3.0,"Binh Thanh, Ho Chi Minh City"
468,SUPERTRAMP'S HOUSE,324.0,7.1,89.0,"District 1, Ho Chi Minh City"
469,YÊN LIVING BÌNH THẠNH,976.8,8.5,4.0,"Binh Thanh, Ho Chi Minh City"
470,1BR The Manor 2 Free roof top pool,990.0,9.7,3.0,"Binh Thanh, Ho Chi Minh City"
471,Nikko Apartments - The Classy Life,712.774,9.6,156.0,"District 7, Ho Chi Minh City"
472,OYO 701 Avatar 6 Hotel,354.676,8.3,133.0,Ho Chi Minh City
473,HANZ Quang Trung Hotel,296.258,7.2,4.0,"Go Vap District , Ho Chi Minh City"
474,Nouveau Happy Inn - close to NewWorld Bến Thành,360.0,6.1,69.0,"District 1, Ho Chi Minh City"
475,Saigon Sirius,1083.75,8.6,28.0,"District 4, Ho Chi Minh City"
476,Riverside Hotel Saigon,747.57,8.1,176.0,"District 1, Ho Chi Minh City"
477,RedDoorz Plus Vienna Hotel,446.994,9.3,13.0,"Binh Tan District, Ho Chi Minh City"
478,Mai Guest House,550.0,8.3,119.0,"District 1, Ho Chi Minh City"
479,Vuông Tròn homestay,306.828,7.9,191.0,"District 1, Ho Chi Minh City"
480,Doha 1 Hotel Saigon Airport,929.069,7.5,40.0,"Tan Binh, Ho Chi Minh City"
481,Sen Boutique Homestay,1100.0,7.7,23.0,"District 2, Ho Chi Minh City"
482,Hoàng Quân Hotel,360.0,6.1,42.0,"Tan Phu District, Ho Chi Minh City"
483,WE HOME,674.1,9.6,5.0,"District 1, Ho Chi Minh City"
484,Palago Hotel,176.0,8.5,49.0,"District 1, Ho Chi Minh City"
485,ANNIE SAIGON APARTMENT - RIVERGATE RESIDENCE,1100.0,10.0,10.0,"District 4, Ho Chi Minh City"
486,Khách sạn Thanh Thư,500.0,5.0,1.0,"District 1, Ho Chi Minh City"
487,Capri by Fraser Ho Chi Minh City,1094.02,7.6,65.0,"District 7, Ho Chi Minh City"
488,The Tomato Apartment,1539.0,9.1,78.0,"District 2, Ho Chi Minh City"
489,RedDoorz Saigon Rose Hotel,307.599,6.7,12.0,"Go Vap District , Ho Chi Minh City"
490,Amanaki Thảo Điền,1882.301,8.6,20.0,"District 2, Ho Chi Minh City"
491,Luxury Studio-SaiGon Center-Saigon Home,810.0,8.058728448275861,34.0,"District 4, Ho Chi Minh City"
492,Ngoc Linh Hotel,360.0,7.9,215.0,"Binh Thanh, Ho Chi Minh City"
493,Khách sạn Trường Sơn,340.589,7.8,47.0,"Tan Binh, Ho Chi Minh City"
494,RedDoorz Minh Thu Tan Binh,296.73,4.2,6.0,Ho Chi Minh City
495,RedDoorz Venice Hotel,350.0,8.3,6.0,Ho Chi Minh City
496,Thai Dat Hotel,315.0,7.6,79.0,"Phu Nhuan, Ho Chi Minh City"
497,New Star Inn Boutique Hotel,434.216,7.2,34.0,"District 3, Ho Chi Minh City"
498,HOTEL le JARDIN SECRET saigon,841.715,8.6,109.0,"District 4, Ho Chi Minh City"
499,RedDoorz Hong Ngoc Hotel,274.125,5.7,3.0,"Binh Tan District, Ho Chi Minh City"
500,Angela Boutique Serviced Residence,712.542,8.4,19.0,"District 3, Ho Chi Minh City"
501,Common Inn Thao Dien,708.593,8.7,211.0,"District 2, Ho Chi Minh City"
502,Q Saigon Central,779.0,8.1,123.0,"District 1, Ho Chi Minh City"
503,Khoi Hostel,380.0,8.4,48.0,"District 1, Ho Chi Minh City"
504,The Arrivals Capsule SG,555.75,9.3,7.0,"District 1, Ho Chi Minh City"
505,Minh Tam Hotel and Spa,532.258,7.9,70.0,"Tan Binh, Ho Chi Minh City"
506,Feli Home 1 - Close to Vinhomes,121.5,8.058728448275861,135.6149732620321,"Binh Thanh, Ho Chi Minh City"
507,Van Hung,350.0,8.5,62.0,"District 1, Ho Chi Minh City"
508,Bare Chic - Bare Boutique Stays,960.0,9.4,34.0,"District 1, Ho Chi Minh City"
509,Zazz Urban Ho Chi Minh,1042.212,8.6,94.0,"District 5, Ho Chi Minh City"
510,35.TC Hotel,376.0,8.058728448275861,135.6149732620321,"District 1, Ho Chi Minh City"
511,HÀ MY HOTEL,311.316,7.2,83.0,"Thu Duc District, Ho Chi Minh City"
512,Thao Trang Laluxe Hotel Saigon,790.4,8.9,24.0,"District 7, Ho Chi Minh City"
513,HANZ Queen Hotel Tan Binh,501.12,7.8,4.0,"Tan Binh, Ho Chi Minh City"
514,1br_COZY LIVING_SAIGON ROYAL,800.0,9.0,1.0,"District 4, Ho Chi Minh City"
515,Saigon Garden Homestay,550.0,8.8,62.0,"District 12, Ho Chi Minh City"
516,Diamond Hotel,550.0,9.0,1.0,"District 7, Ho Chi Minh City"
517,Hostel Homestay Minh Lộc,384.0,8.3,3.0,"District 1, Ho Chi Minh City"
518,Sunway Hotel Saigon,312.013,8.2,138.0,"District 1, Ho Chi Minh City"
519,Vii ApartHotel - Empire City,1150.0,10.0,2.0,"District 2, Ho Chi Minh City"
520,An Nam Corner - Dreamer,540.0,7.9,184.0,"District 1, Ho Chi Minh City"
521,Paragon Hotel,470.0,8.058728448275861,135.6149732620321,"District 7, Ho Chi Minh City"
522,Binh Hung Hotel,588.8,7.9,41.0,"Tan Binh, Ho Chi Minh City"
523,Condodo Jimmy House,250.0,5.4,9.0,"District 1, Ho Chi Minh City"
524,Me Gustas - Love Hotel,1114.286,9.0,2.0,"District 1, Ho Chi Minh City"
525,RedDoorz Rita Hotel,373.812,6.9,26.0,"Go Vap District , Ho Chi Minh City"
526,RedDoorz near Gia Dinh International Hospital 4,308.993,5.9,22.0,"Binh Thanh, Ho Chi Minh City"
527,Aqua Kim Long Hotel,296.1,6.1,109.0,"Phu Nhuan, Ho Chi Minh City"
528,Cozrum Homes Greena House,537.168,7.9,45.0,"District 3, Ho Chi Minh City"
529,RedDoorz Plus near E-Town 2,462.0,7.7,179.0,"Tan Binh, Ho Chi Minh City"
530,Le Saigon Hotel,682.353,7.9,101.0,"Tan Binh, Ho Chi Minh City"
531,"The Saigon Royal, The Oak wooden 2 bedrooms stunning view with bathtub",1300.0,10.0,1.0,"District 4, Ho Chi Minh City"
532,LAVIDA PLUS LuXuRy APARTMENT PHU MY HUNG,788.8,10.0,1.0,"District 7, Ho Chi Minh City"
533,SAIGON 9 - Rivergate Residence Infinity Pool-Gym,967.5,9.3,52.0,"District 4, Ho Chi Minh City"
534,Chez Mimosa Local Alley,774.8,8.6,36.0,"District 1, Ho Chi Minh City"
535,Gia Huy Hotel,600.0,8.4,167.0,"District 1, Ho Chi Minh City"
536,MILENNIUM- ALICE APARTMENT,1250.0,8.0,2.0,"District 4, Ho Chi Minh City"
537,Aloha Hotel,308.75,6.9,93.0,"Binh Tan District, Ho Chi Minh City"
538,Ha Long Hotel Thủ Đức,333.043,7.5,70.0,"Thu Duc District, Ho Chi Minh City"
539,Căn hộ dịch vụ Siam house Phan Xích Long Phú Nhuận,540.0,8.058728448275861,135.6149732620321,"Phu Nhuan, Ho Chi Minh City"
540,Vinhomes Luxury-Kayla's Apartment,1150.0,9.8,17.0,"Binh Thanh, Ho Chi Minh City"
541,Cozrum Homes - Premier Residence,652.137,8.7,432.0,"Binh Thanh, Ho Chi Minh City"
542,Truong Giang Hotel,306.0,7.8,112.0,"District 5, Ho Chi Minh City"
543,RIVER GATE RESIDENCE 4 NEAR BÙI VIỆN-FOOD STREET,750.0,8.1,37.0,"District 4, Ho Chi Minh City"
544,RedDoorz White 1 Hotel,306.0,4.3,3.0,"District 12, Ho Chi Minh City"
545,Sai Gon 1979 Hotel,239.0,8.0,228.0,"District 1, Ho Chi Minh City"
546,PIANO HOTEL,972.8,9.3,134.0,"District 1, Ho Chi Minh City"
547,RedDoorz Marieline 2 Hotel,326.417,8.2,6.0,"District 1, Ho Chi Minh City"
548,The One Loft Penthouse,1800.0,7.5,9.0,"District 1, Ho Chi Minh City"
549,Norfolk Mansion - Luxury Serviced Apartment,3837.144,9.0,115.0,"District 1, Ho Chi Minh City"
550,JB Central Apartment,850.0,8.0,1.0,"District 1, Ho Chi Minh City"
551,Koniko Hotel,350.0,7.7,88.0,"District 1, Ho Chi Minh City"
552,MHome,580.0,10.0,1.0,"Binh Thanh, Ho Chi Minh City"
553,Capitalland's Service Apartment Landmark Plus Vinhomes,1239.75,9.0,5.0,"Binh Thanh, Ho Chi Minh City"
554,Moon Saigon Airport Hotel,432.0,7.0,57.0,"Tan Binh, Ho Chi Minh City"
555,OYO 422 Nguyen Thanh Hotel,304.392,7.0,50.0,"District 1, Ho Chi Minh City"
556,Hotel Equatorial Ho Chi Minh City,2013.1,8.2,171.0,"District 5, Ho Chi Minh City"
557,Cactusland Homestay - Tran Hung Dao,552.0,9.2,211.0,"District 1, Ho Chi Minh City"
558,Thien Phu Hotel,380.0,6.9,36.0,"Go Vap District , Ho Chi Minh City"
559,VINHOMES-ALICE APARTMENT,1400.0,9.0,2.0,"Binh Thanh, Ho Chi Minh City"
560,El Ocaso Hotel and Apartments,643.5,9.6,215.0,"District 7, Ho Chi Minh City"
561,Brilliant HCMC Top rated service apartment,1452.735,9.1,23.0,"Binh Thanh, Ho Chi Minh City"
562,Roseland Sweet Hotel & Spa,934.645,8.0,120.0,"District 1, Ho Chi Minh City"
563,Cupid Hotel,564.3,8.3,123.0,"District 1, Ho Chi Minh City"
564,Khách sạn ân phuc,200.0,4.5,2.0,"District 6, Ho Chi Minh City"
565,GALAXY Hotel,720.0,8.7,23.0,"Tan Binh, Ho Chi Minh City"
566,Kha Thy Hotel,365.8,7.8,60.0,"District 2, Ho Chi Minh City"
567,Giang Linh Hotel,441.0,7.7,168.0,"District 1, Ho Chi Minh City"
568,VINHOMES Condo in Landmark 81 area# River & Park view,1216.0,10.0,1.0,"Binh Thanh, Ho Chi Minh City"
569,HOTEL NGUYEN ANH,288.09,7.7,51.0,"Thu Duc District, Ho Chi Minh City"
570,Sky Hotel,380.0,6.4,15.0,"District 7, Ho Chi Minh City"
571,HANZ Hotel Happy 7 Ly Thai To,493.29,8.0,100.0,"District 10, Ho Chi Minh City"
572,Prague Airport Hotel,563.389,8.9,508.0,"Tan Binh, Ho Chi Minh City"
573,JOCOSY Apartments,480.0,9.0,34.0,"District 7, Ho Chi Minh City"
574,Cherry Apartment - Thao Dien Centre,736.239,9.4,225.0,"District 2, Ho Chi Minh City"
575,OYO 1160 Hai Phong Hotel,405.857,3.5,2.0,"Phu Nhuan, Ho Chi Minh City"
576,Song Xanh Hotel near SECC - FV,384.75,7.5,269.0,"District 7, Ho Chi Minh City"
577,B786 Apartment,612.0,9.2,38.0,"Tan Binh, Ho Chi Minh City"
578,Atana Hotel,372.0,7.3,8.0,"District 12, Ho Chi Minh City"
579,Sen Saigon Hotel,385.0,7.6,32.0,"District 1, Ho Chi Minh City"
580,The Spring Hotel,520.874,7.9,145.0,"District 1, Ho Chi Minh City"
581,HANZ Huong Mai Hotel,420.974,7.9,42.0,"District 3, Ho Chi Minh City"
582,Huyen House,450.0,9.0,80.0,"District 1, Ho Chi Minh City"
583,Asian Hotel,676.996,7.1,80.0,"District 1, Ho Chi Minh City"
584,Sara Landmark View - Thao Dien District 2,1000.0,10.0,1.0,"District 2, Ho Chi Minh City"
585,Ngoi Sao Phuong Nam Hotel,280.0,8.1,209.0,"District 12, Ho Chi Minh City"
586,TRESOR POOL GYM ROSE HOME 2 BEDROOMS APT,1235.0,6.3,3.0,"District 4, Ho Chi Minh City"
587,HT Hotel Apartment,459.772,9.0,6.0,"District 3, Ho Chi Minh City"
588,K i s s Hotel,450.0,8.1,241.0,"Tan Binh, Ho Chi Minh City"
589,Như Ý Hotel - City Centre,832.0,9.4,55.0,"District 3, Ho Chi Minh City"
590,Wow! Home by Christine River View,2016.0,7.7,6.0,"Binh Thanh, Ho Chi Minh City"
591,Khách sạn Hoa Anh Anh,239.992,6.9,94.0,"Tan Binh, Ho Chi Minh City"
592,RedDoorz 868 Phat Loc Phat Hotel,385.0,8.4,5.0,"District 2, Ho Chi Minh City"
593,Tan Dat Hoa Hotel,350.0,6.2,14.0,"Tan Phu District, Ho Chi Minh City"
594,Ma Maison Boutique Hotel,1620.0,9.3,46.0,"District 3, Ho Chi Minh City"
595,Happy Home,396.58,8.7,240.0,"District 7, Ho Chi Minh City"
596,Saigon Amigo Hotel,409.5,8.3,162.0,"District 1, Ho Chi Minh City"
597,SaiGon 190 Hostel,239.0,7.9,27.0,"District 1, Ho Chi Minh City"
598,Cozy Studio with River view - May Homestay,786.0,10.0,1.0,"District 4, Ho Chi Minh City"
599,A25 Hotel - 13 Bùi Thị Xuân,514.833,7.7,17.0,"District 1, Ho Chi Minh City"
600,An Phu Apartment,593.4,8.7,20.0,"District 1, Ho Chi Minh City"
601,The Umi Hotel,540.0,8.0,105.0,"District 1, Ho Chi Minh City"
602,Chez Mimosa Thành Vinh Hotel,840.0,8.7,49.0,"District 9, Ho Chi Minh City"
603,Sherwood Suites,2891.7,9.5,156.0,"District 3, Ho Chi Minh City"
604,Tuong Vi Corner,920.0,8.2,25.0,"District 10, Ho Chi Minh City"
605,White Lion Hotel,650.0,7.9,40.0,"District 3, Ho Chi Minh City"
606,Spring Hung Anh Hotel,380.0,8.1,5.0,"Tan Binh, Ho Chi Minh City"
607,Quang Guest House,360.0,8.5,54.0,"District 1, Ho Chi Minh City"
608,Green River Apartment,720.0,8.058728448275861,135.6149732620321,"District 1, Ho Chi Minh City"
609,Valleyway Home,416.889,6.7,192.0,"District 1, Ho Chi Minh City"
610,California Hotel,418.4,6.7,20.0,Ho Chi Minh City
611,Duc Vuong 2 Hotel,534.581,8.5,26.0,"District 10, Ho Chi Minh City"
612,SAKI APARTHOTEL 4,580.0,8.8,42.0,"District 7, Ho Chi Minh City"
613,BMC Chillaxroom,1933.983,9.0,3.0,"District 1, Ho Chi Minh City"
614,RedDoorz Phan Anh Street,283.5,8.2,19.0,"Tan Phu District, Ho Chi Minh City"
615,Nhật Vân 1,319.5,7.4,256.0,"District 10, Ho Chi Minh City"
616,8B Hotel,856.584,8.0,64.0,"District 1, Ho Chi Minh City"
617,Valentine Boutique hotel - Bui Vien street,369.75,6.9,141.0,"District 1, Ho Chi Minh City"
618,"Hoang Van Hotel near SECC, FV hospital",387.0,7.3,65.0,"District 7, Ho Chi Minh City"
619,RedDoorz Anh Ngoc Hotel,327.6,6.2,25.0,"District 10, Ho Chi Minh City"
620,Silverland Min Hotel,755.29,8.4,269.0,"District 1, Ho Chi Minh City"
621,Selena Hotel,470.0,6.0,5.0,"District 5, Ho Chi Minh City"
622,Vinhomes Grandpark,400.0,8.058728448275861,135.6149732620321,"District 9, Ho Chi Minh City"
623,Kim Khoi Hotel,530.0,6.0,7.0,"District 1, Ho Chi Minh City"
624,Coucou Homestead,464.419,9.2,291.0,"District 1, Ho Chi Minh City"
625,Masteri Apartment 2BR,1140.0,8.7,10.0,"District 2, Ho Chi Minh City"
626,Bland Landmark Luxury Residence,1333.334,9.1,63.0,"Binh Thanh, Ho Chi Minh City"
627,My Home Guest House,378.0,9.1,57.0,"District 1, Ho Chi Minh City"
628,Luxury Vinhomes Central Park (Jenny homes),1785.0,4.0,2.0,"Binh Thanh, Ho Chi Minh City"
629,My Friends Hotel,637.5,7.7,244.0,"District 5, Ho Chi Minh City"
630,Moka's House,449.1,8.9,122.0,"District 3, Ho Chi Minh City"
631,Hung Phat Hotel - Trung Son,315.0,8.0,115.0,Ho Chi Minh City
632,RedDoorz My Friend Hotel,462.0,6.8,11.0,"District 5, Ho Chi Minh City"
633,"RinGion Aparts - RiverGate Residence, Free Pool&Gym",1680.0,10.0,1.0,"District 4, Ho Chi Minh City"
634,Alagon D'antique Hotel & Spa,1206.81,8.2,484.0,"District 1, Ho Chi Minh City"
635,The Lak King Vinhomes Central Park Apartment,1935.0,9.1,2.0,"Binh Thanh, Ho Chi Minh City"
636,Bong's Homestay - Masteri Thao Dien,1035.0,8.058728448275861,135.6149732620321,"District 2, Ho Chi Minh City"
637,La Casita Saigon,2956.5,9.0,41.0,"District 2, Ho Chi Minh City"
638,Adora Hotel,867.024,7.9,702.0,"District 1, Ho Chi Minh City"
639,SaigonOne Serviced Apartment,569.197,8.5,23.0,"District 3, Ho Chi Minh City"
640,Jomo,975.0,9.1,51.0,"District 3, Ho Chi Minh City"
641,Villa Nghi Son Phu My Hung,640.0,8.4,5.0,"District 7, Ho Chi Minh City"
642,Mayfair Suites,3112.929,8.9,16.0,"District 1, Ho Chi Minh City"
643,Vinhomes,400.0,8.058728448275861,135.6149732620321,"District 9, Ho Chi Minh City"
644,My House 913,680.0,8.058728448275861,135.6149732620321,"District 1, Ho Chi Minh City"
645,Hai Dang Hotel,407.0,5.4,6.0,"Thu Duc District, Ho Chi Minh City"
646,Villa Song Saigon,10874.457,9.0,39.0,"District 2, Ho Chi Minh City"
647,Vinhomes Central Park - Homes by Christine 3BR Apartment,2340.0,6.5,4.0,"Binh Thanh, Ho Chi Minh City"
648,Căn hộ dễ thương best apartment district 1,680.0,1.0,1.0,"District 1, Ho Chi Minh City"
649,Orchid Boutique Hotel & Apartment,1062.192,9.1,90.0,"District 7, Ho Chi Minh City"
650,Saliza Suite - Vinhomes Central Park,2000.0,10.0,2.0,"Binh Thanh, Ho Chi Minh City"
651,"Me Gustas Park View Hotel ""Formerly Saigon Kiko Hotel""",575.702,8.1,224.0,"District 1, Ho Chi Minh City"
652,Lila Hotel & Serviced Apartment,539.0,8.7,49.0,"District 7, Ho Chi Minh City"
653,Vaccinated Staff - OYO 397 Thanh Dat,226.218,7.8,44.0,"Binh Tan District, Ho Chi Minh City"
654,Tân Thành hotel,180.0,7.2,19.0,"District 5, Ho Chi Minh City"
655,MK Studio - Liên Phuong - District 9,490.0,8.1,8.0,"District 9, Ho Chi Minh City"
656,Halo Hotel,494.853,7.7,46.0,"District 1, Ho Chi Minh City"
657,Winston Hotel,500.0,7.7,124.0,"Binh Thanh, Ho Chi Minh City"
658,Golden Maison Department 2BRs,1309.5,8.058728448275861,135.6149732620321,"Tan Binh, Ho Chi Minh City"
659,ÊMM Hotel Saigon,803.614,8.6,52.0,"District 3, Ho Chi Minh City"
660,A25 Hotel - 19A Bùi Thị Xuân,525.52,7.3,10.0,"District 1, Ho Chi Minh City"
661,Mia Saigon – Luxury Boutique Hotel,4387.466,9.1,273.0,"District 2, Ho Chi Minh City"
662,YOUR HOME - RiverGate Residence,900.0,8.3,4.0,"District 4, Ho Chi Minh City"
663,Nam Hy1 Hotel,700.0,7.4,13.0,"District 5, Ho Chi Minh City"
664,Cozrum Homes Lý Chính Thắng,419.58,8.9,250.0,"District 3, Ho Chi Minh City"
665,Bonita THT,522.5,7.7,201.0,"District 10, Ho Chi Minh City"
666,Elvita Landmark 81 Luxury Vinhomes Central Park,2777.778,10.0,4.0,"Binh Thanh, Ho Chi Minh City"
667,Masion Apartment Vinhomes Central Park,1450.0,10.0,1.0,"Binh Thanh, Ho Chi Minh City"
668,Tresor Pool Gym in Center Saigon,920.0,8.3,3.0,"District 4, Ho Chi Minh City"
669,ZO APARTMENT TRESOR,854.05,9.0,10.0,"District 4, Ho Chi Minh City"
670,HONGVINA 97 HOTEL,450.0,7.5,13.0,"District 2, Ho Chi Minh City"
671,Tuong Vi Hotel Saigon,926.0,8.4,53.0,"District 10, Ho Chi Minh City"
672,Venice 1 Hotel,750.0,6.1,7.0,Ho Chi Minh City
673,"TRESOR POOL & GYM, THE SUNSET",2000.0,10.0,2.0,"District 4, Ho Chi Minh City"
674,"Cozy apartment 2BR - Masteri Thao Dien , D2",1250.0,8.058728448275861,135.6149732620321,"District 2, Ho Chi Minh City"
675,HANZ Hotel Luan Vu Bui Vien Walking Street,372.006,7.2,17.0,"District 1, Ho Chi Minh City"
676,Feli Home - Văn Thánh Lakeview,450.0,8.2,30.0,"Binh Thanh, Ho Chi Minh City"
677,Lotus Central Hotel,1110.0,8.8,715.0,"District 1, Ho Chi Minh City"
678,Bin Bin Hotel 7 - Near TON DUC THANG University,605.2,8.1,25.0,"District 7, Ho Chi Minh City"
679,Aurora Western Village,1061.727,8.4,187.0,"District 2, Ho Chi Minh City"
680,Cozrum Homes - Charming Corner,376.832,8.7,53.0,"District 3, Ho Chi Minh City"
681,Happy stay home,196.8,10.0,1.0,"Tan Binh, Ho Chi Minh City"
682,"iHome Furnished Apartments with Free Gym & Pool, Airport Pick-Up Service",1425.0,7.4,5.0,"Phu Nhuan, Ho Chi Minh City"
683,Sara Landmark View 2BR - Thao Dien District 2,840.0,8.0,2.0,"District 2, Ho Chi Minh City"
684,Khách Sạn Vy Anh,320.0,8.058728448275861,135.6149732620321,"Binh Tan District, Ho Chi Minh City"
685,Anh Dao Hotel,585.0,7.9,144.0,"Binh Tan District, Ho Chi Minh City"
686,Happy Land Hotel,426.782,7.9,127.0,"District 1, Ho Chi Minh City"
687,123 Apartment with Central View,1150.0,7.6,24.0,"District 1, Ho Chi Minh City"
688,HANZ Luan Vu Hotel Bui Vien Walking Street,425.388,7.2,11.0,"District 1, Ho Chi Minh City"
689,Ngoc Loan Hotel,270.0,8.1,31.0,"District 7, Ho Chi Minh City"
690,A25 Hotel - 22 Nguyễn Cư Trinh,558.046,7.5,9.0,"District 1, Ho Chi Minh City"
691,MM's House,979.2,5.0,1.0,"Tan Binh, Ho Chi Minh City"
692,THE SAIGON ROYAL SUITE FREE POOL AND GYM,1400.0,7.0,2.0,"District 4, Ho Chi Minh City"
693,Căn hộ cao cấp River Gate,1020.0,8.058728448275861,135.6149732620321,"District 4, Ho Chi Minh City"
694,Roseland Corp Hotel,934.645,8.3,44.0,"District 1, Ho Chi Minh City"
695,SAKi APARTHOTEL 5,500.0,9.2,8.0,"District 7, Ho Chi Minh City"
696,Căn Hộ YourHomes 5 Chung Cư River Gate,980.0,8.058728448275861,135.6149732620321,"District 4, Ho Chi Minh City"
697,Cozy Studio With Swimming Pool - Lakeview City Novaland,480.0,7.5,13.0,"District 2, Ho Chi Minh City"
698,2BRs City View Free Infinty Pool and Gym In the HEART HCM,2430.0,9.1,23.0,"District 1, Ho Chi Minh City"
699,Joy Inn Cong Hoa Hotel,348.075,7.0,165.0,"Tan Binh, Ho Chi Minh City"
700,"Luxury apartment of international standard, beautiful, cheap",2125.0,8.058728448275861,135.6149732620321,"District 2, Ho Chi Minh City"
701,Blue Fingers Masteri An Phu,1290.0,9.2,7.0,"District 2, Ho Chi Minh City"
702,SILA Urban Living,1794.714,9.1,41.0,"District 3, Ho Chi Minh City"
703,Alupoint Hotel,630.0,7.5,4.0,"District 7, Ho Chi Minh City"
704,Homie homestay,297.0,8.0,1.0,"Tan Binh, Ho Chi Minh City"
705,A&EM Art Hotel,1208.092,7.8,181.0,"District 1, Ho Chi Minh City"
706,The Reverie Saigon Residential Suites,7720.8,9.2,8.0,"District 1, Ho Chi Minh City"
707,"RIVERGATE RESIDENCE, LE JARDIN SECRET SAIGON",900.0,8.058728448275861,61.0,"District 4, Ho Chi Minh City"
708,*BOM HOMES* VINHOMES CENTRAL PARK- LUXURY APARTMENT,1350.0,1.0,1.0,"Binh Thanh, Ho Chi Minh City"
709,Minh Tam Hotel & Spa 3/2,555.49,7.7,35.0,"District 10, Ho Chi Minh City"
710,ICON 56 - FREE ROOFTOP POOL GYM 6 near BEN THANH MARKET,1800.0,9.1,5.0,"District 4, Ho Chi Minh City"
711,Saigonnais Homestay (Maison de Tran Le),342.02,9.1,79.0,"District 1, Ho Chi Minh City"
712,RedDoorz Ngoc Thanh Hotel,245.7,3.7,3.0,"Binh Tan District, Ho Chi Minh City"
713,"Vietnam d'Or Aparts - RiverGate Residence, Free Gym&Pool",1150.0,10.0,10.0,"District 4, Ho Chi Minh City"
714,EROS HOTEL 2,499.5,8.1,54.0,"District 3, Ho Chi Minh City"
715,Deluxe 3br Apartment- Vinhomes Central Park,2999.0,9.6,1.0,"Binh Thanh, Ho Chi Minh City"
716,RedDoorz To Ky Street,340.2,4.0,3.0,"District 12, Ho Chi Minh City"
717,Cheerio Apartments,490.0,8.058728448275861,135.6149732620321,"District 1, Ho Chi Minh City"
718,Functional Studio-Saigon Home,850.0,9.7,3.0,"District 4, Ho Chi Minh City"
719,Diamond Suite Scenic Valley Condotel,1317.793,8.9,19.0,"District 7, Ho Chi Minh City"
720,Sunrise City - 1 Bed Room - Full Furniture - City View,1320.0,10.0,1.0,"District 7, Ho Chi Minh City"
721,New Sunny Hotel,360.0,6.5,29.0,"District 1, Ho Chi Minh City"
722,Landmark 81 Serviced Residences,2058.0,9.2,25.0,"Binh Thanh, Ho Chi Minh City"
723,M Village The Compound,907.2,7.7,6.0,"District 2, Ho Chi Minh City"
724,A25 Hotel - 35 Mạc Thị Bưởi,618.683,6.5,7.0,"District 1, Ho Chi Minh City"
725,Felix Alley,1000.0,9.1,12.0,"Phu Nhuan, Ho Chi Minh City"
726,Happy Life Hotel,744.75,8.2,91.0,"District 7, Ho Chi Minh City"
727,Homestay TITO,650.0,9.0,2.0,"District 3, Ho Chi Minh City"
728,A25 Hotel - 20 Bùi Thị Xuân,688.613,7.4,9.0,"District 1, Ho Chi Minh City"
729,"319 Liên Phường, Q9",469.8,8.9,98.0,"District 9, Ho Chi Minh City"
730,Cozrum Smart - First Target Hotel,585.692,7.2,55.0,"District 1, Ho Chi Minh City"
731,Lila Luxury Hotel & Apartment,759.0,8.9,36.0,"District 7, Ho Chi Minh City"
732,Silverland Sakyo Hotel,1404.0,8.6,387.0,"District 1, Ho Chi Minh City"
733,Austin Apartment Sky Center - Near International Airport (1BR-2BR-3BR),891.0,8.1,7.0,"Tan Binh, Ho Chi Minh City"
734,RedDoorz Bro Hotel,318.983,7.8,154.0,"District 6, Ho Chi Minh City"
735,Infinity Pool Signature - Saigon Rivergate,990.0,8.8,84.0,"District 4, Ho Chi Minh City"
736,Vien Dong Hotel 2,680.0,7.1,13.0,"District 7, Ho Chi Minh City"
737,SUPER STAR SUITE @ Central with Pool - River and City view,1050.0,8.058728448275861,4.0,"District 4, Ho Chi Minh City"
738,Oakwood Residence Saigon,2483.327,8.9,179.0,"District 7, Ho Chi Minh City"
739,OYO 1140 Hong Luc Hotel,278.352,6.6,55.0,"Tan Binh, Ho Chi Minh City"
740,Vinhomes,1170.0,7.6,61.0,"Binh Thanh, Ho Chi Minh City"
741,Cactusland Villa Near Bui Vien Street,664.218,9.0,74.0,"District 1, Ho Chi Minh City"
742,Vinhomes Central Park-Nice Homes,1630.0,8.5,16.0,"Binh Thanh, Ho Chi Minh City"
743,Fide Hotel,584.995,7.8,11.0,"District 7, Ho Chi Minh City"
744,Central Park Saigon Hotel,678.623,7.7,101.0,"District 3, Ho Chi Minh City"
745,THIEN SON HOTEL,412.161,8.3,7.0,"Tan Binh, Ho Chi Minh City"
746,"InterContinental Residences Saigon, an IHG Hotel",5840.0,9.1,43.0,"District 1, Ho Chi Minh City"
747,Căn hộ Yourhome 1 Chung Cư River Gate,950.0,8.058728448275861,135.6149732620321,"District 4, Ho Chi Minh City"
748,Ductaigallery's Apt. Luxury. River View,1485.0,8.7,8.0,"District 1, Ho Chi Minh City"
749,New Space Hotel,599.632,8.1,191.0,"Tan Binh, Ho Chi Minh City"
750,APOLLO HOTEL,529.005,8.2,18.0,"Tan Binh, Ho Chi Minh City"
751,"High Class 2 Bedrooms Masteri Thao Dien Apartment, Fully Furnished With Full Amenities",1069.0,8.9,11.0,"District 2, Ho Chi Minh City"
752,Lan Anh Hotel,323.0,9.0,38.0,"Go Vap District , Ho Chi Minh City"
753,The Royal Homies - Phu My Hung,839.455,9.2,46.0,"District 7, Ho Chi Minh City"
754,Dhome Suites - Scenic Valley,1479.0,10.0,1.0,"District 7, Ho Chi Minh City"
755,Capella The One,2755.0,8.058728448275861,135.6149732620321,"District 1, Ho Chi Minh City"
756,SPOT ON 746 Ben Thanh Dorm,480.0,7.1,114.0,"District 1, Ho Chi Minh City"
757,Thanh An Hotel,393.3,7.0,12.0,"District 12, Ho Chi Minh City"
758,Saigon Dakao,396.9,8.5,112.0,"District 1, Ho Chi Minh City"
759,Vien Dong District 7 Phu My Hung,464.419,8.1,43.0,"District 7, Ho Chi Minh City"
760,The Occasion Apartment,833.0,10.0,3.0,"District 1, Ho Chi Minh City"
761,CityHouse-Sonata Residence & Hotel,586.854,8.2,251.0,"District 7, Ho Chi Minh City"
762,Muong Thanh Saigon Centre Hotel,1559.136,8.3,217.0,"District 1, Ho Chi Minh City"
763,SPOT ON 726 Sakura Hostel Saigon,420.0,7.3,156.0,"District 1, Ho Chi Minh City"
764,Hoang Anh Star Hotel,372.0,7.6,15.0,Ho Chi Minh City
765,"Gold View APT 346 Ben Van Don, Phuong 1, Qaun 4",1500.0,9.7,4.0,"District 4, Ho Chi Minh City"
766,Luxy Park Hotel & Apartments-City Centre,935.415,8.8,371.0,"District 1, Ho Chi Minh City"
767,Milan 1 Hotel,600.794,3.3,3.0,Ho Chi Minh City
768,HANZ Happy Hotel,493.29,8.5,31.0,"District 10, Ho Chi Minh City"
769,Trum Apartment,1530.0,10.0,1.0,"Binh Thanh, Ho Chi Minh City"
770,Hang's Homestay - Thao Dien District 2,1200.0,5.0,1.0,"District 2, Ho Chi Minh City"
771,The Lancaster Saigon Service Apartment,1742.905,7.8,16.0,"District 1, Ho Chi Minh City"
772,Cho thuê căn hộ vinhome central park giá rẻ,1550.0,10.0,1.0,"Binh Thanh, Ho Chi Minh City"
773,KN HOLIDAY APARTMENT,1799.999,8.0,1.0,"District 2, Ho Chi Minh City"
774,Cozi 5 Hotel & Apartment,434.913,8.9,24.0,"District 7, Ho Chi Minh City"
775,Holiday Hotel,523.45,7.6,195.0,"District 1, Ho Chi Minh City"
776,RedDoorz @ Phan Huy Ich Street,244.174,6.8,44.0,"Tan Binh, Ho Chi Minh City"
777,Stellar Boutique Hotel - Sabina Residence,765.0,9.4,7.0,"District 7, Ho Chi Minh City"
778,Capitalland's Service Apartment Landmark 5 Vinhomes,1419.3,8.9,5.0,"Binh Thanh, Ho Chi Minh City"
779,Luxury Gold Apartment 86 - 1,2520.0,7.0,1.0,"District 4, Ho Chi Minh City"
780,Sweet home 2BR - Masteri Thao Dien,1270.0,8.058728448275861,135.6149732620321,"District 2, Ho Chi Minh City"
781,Sunrise City,2000.0,8.058728448275861,135.6149732620321,"District 7, Ho Chi Minh City"
782,RIVERGATE-ALICE APARTMENT,1215.0,8.058728448275861,24.0,"District 4, Ho Chi Minh City"
783,The Alcove Library Hotel,892.128,8.6,157.0,"Phu Nhuan, Ho Chi Minh City"
784,Ky Hoa Hotel Ho Chi Minh,707.663,6.6,29.0,"District 10, Ho Chi Minh City"
785,Lucky hotel,460.8,8.2,17.0,"Binh Tan District, Ho Chi Minh City"
786,3Br-CITY CENTER w INF POOL,2000.0,10.0,1.0,"District 4, Ho Chi Minh City"
787,We Home Ben Thanh,699.0,8.4,108.0,"District 1, Ho Chi Minh City"
788,Luxury 64 Apartment,774.0,9.0,6.0,"District 7, Ho Chi Minh City"
789,RedDoorz Chau Thien Tu 2 Hotel,404.6,6.8,4.0,"Tan Binh, Ho Chi Minh City"
790,OYO 521 Hoàng Anh Hotel,304.392,6.6,7.0,"District 9, Ho Chi Minh City"
791,KHÁCH SẠN KỲ ĐỒNG,470.0,8.0,2.0,"District 3, Ho Chi Minh City"
792,Gold view APT4/2bed/2bath/free Pool&Gym,1400.0,7.9,8.0,"District 4, Ho Chi Minh City"
793,Scenic Valley Suite,1350.0,8.6,51.0,"District 7, Ho Chi Minh City"
794,RedDoorz Nam Khanh Hotel,274.125,1.0,1.0,"District 8, Ho Chi Minh City"
795,Golden Central Hotel Saigon,1530.0,7.7,79.0,"District 1, Ho Chi Minh City"
796,Ananas Family Hotel,687.916,8.4,72.0,"Phu Nhuan, Ho Chi Minh City"
797,Mayla Saigon Downtown Rooftop Pool,1100.0,8.7,88.0,"District 4, Ho Chi Minh City"
798,Ellie Hotel,1386.0,8.8,24.0,"District 2, Ho Chi Minh City"
799,5-Star Standard Apartments in Masteri Thao Dien,1836.0,9.4,12.0,"District 2, Ho Chi Minh City"
800,Dinh Dinh 2 Hotel,350.0,7.3,11.0,"Tan Binh, Ho Chi Minh City"
801,A25 Hotel - 307 Lý Tự Trọng,595.35,7.0,19.0,"District 1, Ho Chi Minh City"
802,TOKYO 86 PENTHOUSE - Rooftop Garden Central City,3780.0,8.058728448275861,135.6149732620321,"District 4, Ho Chi Minh City"
803,Thanh Phong Hotel,385.0,6.7,39.0,"District 10, Ho Chi Minh City"
804,Chau Apartments - Infinity pool and Gym - Ben Thanh,1099.8,9.0,118.0,"District 4, Ho Chi Minh City"
805,Saigon Royal 2 bedrooms amazing view,1500.0,8.058728448275861,6.0,"District 4, Ho Chi Minh City"
806,Bin Bin Hotel 3 - Near SC Vivo City D7,444.5,8.1,64.0,"District 7, Ho Chi Minh City"
807,Phố Nhỏ,350.0,8.5,58.0,"District 1, Ho Chi Minh City"
808,A25 Hotel - 145 Lê Thị Riêng,685.128,7.7,25.0,"District 1, Ho Chi Minh City"
809,Villa 86,9000.0,5.5,2.0,"District 2, Ho Chi Minh City"
810,KN HOLIDAY VILLA GATHERING WITH JOYFUL,3999.999,8.0,1.0,"District 2, Ho Chi Minh City"
811,OYO 373 Habana Hotel,626.45,6.5,47.0,"Go Vap District , Ho Chi Minh City"
812,Phú Hoàng Nam Hotel,300.0,8.3,31.0,"Binh Tan District, Ho Chi Minh City"
813,Imperial Saigon hotel,1530.0,8.5,12.0,"District 7, Ho Chi Minh City"
814,Valentine Hotel,857.386,7.3,19.0,"District 5, Ho Chi Minh City"
815,Vinhomes Central Park - Christine Properties,1440.0,7.4,14.0,"Binh Thanh, Ho Chi Minh City"
816,2BR-High Floor-Riverview-Saigon Home-17,1700.0,10.0,4.0,"District 4, Ho Chi Minh City"
817,Star Hill Golden 2 - 3bedrooms,2610.0,10.0,2.0,"District 7, Ho Chi Minh City"
818,Spring Light Home,690.0,7.0,8.0,"District 7, Ho Chi Minh City"
819,"Johnny Tube, bed and breakfast, smarthome, amenities, quiet",260.1,9.0,2.0,"District 12, Ho Chi Minh City"
820,Song Anh,420.0,8.1,75.0,"District 10, Ho Chi Minh City"
821,AURA HOMESTAY Gò Vấp,330.0,9.0,2.0,"Go Vap District , Ho Chi Minh City"
822,Tresor lovely condo 3 bedrooms in center,2000.0,6.0,1.0,"District 4, Ho Chi Minh City"
823,Hoa Vinh Hotel,448.388,7.4,7.0,"District 9, Ho Chi Minh City"
824,Villa 90 - Villa 86 Group,8550.0,8.058728448275861,135.6149732620321,"District 2, Ho Chi Minh City"
825,Nhat an Homestay,664.05,8.8,47.0,"District 1, Ho Chi Minh City"
826,DRAGON HOTEL 1,350.0,8.0,80.0,"Go Vap District , Ho Chi Minh City"
827,KAY'S HOME-Vinhomes Luxury Apartment,1360.0,9.2,8.0,"Binh Thanh, Ho Chi Minh City"
828,HANZ Son Mi Hotel 839 Le Hong Phong,495.0,7.9,22.0,"District 10, Ho Chi Minh City"
829,HANZ Anh Duc 1 Binh Duong Hotel,520.38,7.7,21.0,Ho Chi Minh City
830,FH Homestay,560.137,9.5,4.0,"District 1, Ho Chi Minh City"
831,RedDoorz Premium Bamboo Saigon Hotel,897.183,6.4,7.0,"District 10, Ho Chi Minh City"
832,Aqua Hoa My Hotel,251.1,6.0,30.0,"District 6, Ho Chi Minh City"
833,Babylon D3 Serviced Apartment,1000.0,8.4,43.0,"District 3, Ho Chi Minh City"
834,HÙNG MIAMI HOTEl - 2 SAO,397.188,6.2,9.0,"Tan Binh, Ho Chi Minh City"
835,3br-High Floor-City Center-Saigon Home,2200.0,10.0,1.0,"District 4, Ho Chi Minh City"
836,HANZ Premium Corner 10 Nguyen Trai,1080.0,10.0,1.0,"District 1, Ho Chi Minh City"
837,Private big bedroom Saigon river view - The living room & the kitchen are shared,607.5,8.058728448275861,135.6149732620321,"District 4, Ho Chi Minh City"
838,Cupid Hotel 2,453.267,8.1,103.0,"Phu Nhuan, Ho Chi Minh City"
839,Capitalland's Service Apartment Landmark 6 Vinhomes,1539.0,8.1,10.0,"Binh Thanh, Ho Chi Minh City"
840,A25 Hotel - 122 Lê Lai,628.905,7.7,4.0,"District 1, Ho Chi Minh City"
841,SƠN THỊNH Guesthouse,360.0,9.0,41.0,"District 1, Ho Chi Minh City"
842,Sen Spa Service Apartment,780.0,7.2,5.0,"District 1, Ho Chi Minh City"
843,RedDoorz Hoang Ha Hotel,657.016,7.4,9.0,"Phu Nhuan, Ho Chi Minh City"
844,Language Exchange Hostel 1,240.0,7.8,183.0,"District 3, Ho Chi Minh City"
845,Mother's Home,750.0,8.058728448275861,135.6149732620321,Ho Chi Minh City
846,"TRESOR POOL GYM, ROSE HOME WITH POOL VIEW",1400.0,8.058728448275861,135.6149732620321,"District 4, Ho Chi Minh City"
847,Amura Hotel Quận 7,285.6,7.8,201.0,"District 7, Ho Chi Minh City"
848,Scandinavian Apartment with Balcony in Bui Vien,1650.0,8.3,141.0,"District 1, Ho Chi Minh City"
849,Tan Da Hotel,405.0,6.6,31.0,"District 5, Ho Chi Minh City"
850,Khach San Dai An,680.485,6.8,10.0,"Go Vap District , Ho Chi Minh City"
851,Thien Tu Hotel,736.0,8.6,107.0,"District 1, Ho Chi Minh City"
852,An Lam Retreats Saigon River,6092.08,8.5,166.0,Ho Chi Minh City
853,Victory Sai Gon Hotel,991.333,7.7,101.0,"District 3, Ho Chi Minh City"
854,HANZ MyMy Hotel,519.75,7.8,107.0,"District 10, Ho Chi Minh City"
855,Aqua Nhu Huynh Hotel,260.1,5.8,48.0,"District 6, Ho Chi Minh City"
856,Bin Bin Hotel 2 - Near Him Lam D7,445.3,8.5,15.0,"District 7, Ho Chi Minh City"
857,The Saigon Royal in Center pool view,1000.0,6.5,2.0,"District 4, Ho Chi Minh City"
858,Downtown Retro Serviced Apartment,1410.0,8.4,18.0,"District 3, Ho Chi Minh City"
859,RedDoorz Luxury An Phu Dong Hotel,262.76,8.6,38.0,"District 12, Ho Chi Minh City"
860,Nhu Y Hotel,311.781,7.7,200.0,"Binh Tan District, Ho Chi Minh City"
861,Con Gà Cười,265.0,8.0,25.0,"Binh Thanh, Ho Chi Minh City"
862,Mai Vang Hotel,500.0,6.8,4.0,"Binh Tan District, Ho Chi Minh City"
863,Nhat Van Hotel,425.0,7.3,85.0,"District 10, Ho Chi Minh City"
864,ANH KHOA 1 HOTEL Quận 2,345.0,6.1,37.0,"District 2, Ho Chi Minh City"
865,OYO 424 Minh Anh Hotel,354.676,6.3,33.0,"Go Vap District , Ho Chi Minh City"
866,Opera Hotel,780.0,7.7,6.0,"District 7, Ho Chi Minh City"
867,HANZ Sunflower Hotel & Spa Saigon,1315.44,7.1,15.0,"District 10, Ho Chi Minh City"
868,Jack Apartment Royal,1150.0,9.2,41.0,"District 7, Ho Chi Minh City"
869,Saigon South Residence - Vina We Stay,1510.5,10.0,1.0,Ho Chi Minh City
870,Hoang Ha Hotel,500.0,7.5,26.0,"Phu Nhuan, Ho Chi Minh City"
871,Homes by Christine - Vinhomes Central Park,1200.0,8.5,18.0,"Binh Thanh, Ho Chi Minh City"
872,Luxury Hotel,801.0,7.0,11.0,"Go Vap District , Ho Chi Minh City"
873,Lotus Saigon Hotel,1321.235,7.5,229.0,"District 3, Ho Chi Minh City"
874,LANDMARK 81 1 Phòng Ngủ,2042.5,8.058728448275861,135.6149732620321,"Binh Thanh, Ho Chi Minh City"
875,Saigon Domaine Luxury Residences,2359.415,8.6,130.0,"Binh Thanh, Ho Chi Minh City"
876,Airport Saigon Hotel - Gần ẩm thực đêm chợ Phạm Văn Hai,586.006,7.5,57.0,"Tan Binh, Ho Chi Minh City"
877,MRT Apartment In Masteri Thao Dien,1800.0,8.9,8.0,"District 2, Ho Chi Minh City"
878,M Village The Cosmo,765.0,8.058728448275861,135.6149732620321,"District 1, Ho Chi Minh City"
879,LANDMARK 81 1 Phòng Ngủ,2150.0,8.058728448275861,135.6149732620321,"Binh Thanh, Ho Chi Minh City"
880,Vinhomes Luxury Apartment-Christine Properties,1336.5,8.3,35.0,"Binh Thanh, Ho Chi Minh City"
881,C'Lavie Hotel - Saigon Airport Hotel,569.197,8.1,104.0,"District 3, Ho Chi Minh City"
882,Cozi 5 Hotel,390.0,8.7,16.0,"District 7, Ho Chi Minh City"
883,Fortune 2 Tran Hung Dao,900.0,8.058728448275861,135.6149732620321,Ho Chi Minh City
884,Christine - Private Room,1224.0,7.8,10.0,"Binh Thanh, Ho Chi Minh City"
885,HappyHomes Boutique Trịnh Văn Cấn,540.0,8.1,168.0,"District 1, Ho Chi Minh City"
886,HANZ Meraki Hotel Bui Vien Walking Street,388.8,5.0,3.0,"District 1, Ho Chi Minh City"
887,Ngan Ha 2 Apartment,800.0,9.8,6.0,"District 7, Ho Chi Minh City"
888,2br-High Floor-Millennium,1400.0,8.058728448275861,135.6149732620321,"District 4, Ho Chi Minh City"
889,Sky Center Hostel,2168.0,7.9,57.0,"District 1, Ho Chi Minh City"
890,Bin Bin Hotel 5 - Near Lotte Mart D7,385.236,8.7,121.0,"District 7, Ho Chi Minh City"
891,Khang An Hotel,355.0,6.7,18.0,"District 2, Ho Chi Minh City"
892,Louis Hotel - Bui Vien Walking Street,677.926,8.9,101.0,"District 1, Ho Chi Minh City"
893,Song Hưng Hotel & Serviced Apartments - Căn hộ Dịch vụ & Khách sạn,661.5,9.2,8.0,"District 7, Ho Chi Minh City"
894,Anna Apartment,1080.0,9.7,4.0,"District 4, Ho Chi Minh City"
895,A25 Hotel - 274 Đề Thám,618.683,7.1,12.0,"District 1, Ho Chi Minh City"
896,HANZ Vuon Saigon Hotel 781 Le Hong Phong,415.8,6.6,13.0,"District 10, Ho Chi Minh City"
897,MaiHomeStay,300.0,8.058728448275861,135.6149732620321,"Tan Binh, Ho Chi Minh City"
898,La Maison 1988 - Masteri Thao Dien,1806.0,8.9,38.0,"District 2, Ho Chi Minh City"
899,SKYY Garden,535.82,8.5,189.0,"Phu Nhuan, Ho Chi Minh City"
900,GỖ HOTEL,320.0,8.058728448275861,135.6149732620321,"District 9, Ho Chi Minh City"
901,Nha Uyen Apartment,1500.0,8.058728448275861,135.6149732620321,"District 4, Ho Chi Minh City"
902,Home De Art G2,1500.0,8.058728448275861,135.6149732620321,"Binh Thanh, Ho Chi Minh City"
903,Hotel Home,800.0,9.7,3.0,"Tan Binh, Ho Chi Minh City"
904,Bonita Boutique Hotel,450.0,7.7,32.0,"District 5, Ho Chi Minh City"
905,RedDoorz Plus Salla 2 Hotel,458.843,9.5,2.0,Ho Chi Minh City
906,RedDoorz Cu xa Bac Hai 1,341.518,6.0,22.0,"District 10, Ho Chi Minh City"
907,"Lovely 2 bedroom serviced apartment, Vinhome P1",1700.0,8.058728448275861,135.6149732620321,Ho Chi Minh City
908,A25 Hotel - 180 Nguyễn Trãi,859.836,6.7,19.0,"District 1, Ho Chi Minh City"
909,Ambassador Saigon Hotel,528.076,6.7,46.0,"District 1, Ho Chi Minh City"
910,Hoàng Sơn Hotel,361.0,6.5,14.0,"District 9, Ho Chi Minh City"
911,Chillaxroom 3 -1907,2060.16,7.6,20.0,"District 1, Ho Chi Minh City"
912,Empress Hotel Ho Chi Minh City,754.361,6.9,7.0,"District 1, Ho Chi Minh City"
913,The Suits House,900.0,9.4,5.0,"District 7, Ho Chi Minh City"
914,Landmark4-46.OT11,1550.0,8.058728448275861,135.6149732620321,"Binh Thanh, Ho Chi Minh City"
915,Cozrum Homes Citi Town,513.207,8.3,123.0,"District 1, Ho Chi Minh City"
916,RedDoorz @ Phan Dang Luu Street,392.862,6.2,50.0,"Phu Nhuan, Ho Chi Minh City"
917,Duc Long Hotel,390.625,6.6,12.0,"Tan Binh, Ho Chi Minh City"
918,Your Home Serviced Apartments,893.498,7.6,8.0,"District 3, Ho Chi Minh City"
919,Sun homestay,442.0,2.7,3.0,"District 3, Ho Chi Minh City"
920,Signature Boutique Hotel,1035.0,7.7,21.0,"District 5, Ho Chi Minh City"
921,Apogee Hotel,520.0,7.3,8.0,"Binh Thanh, Ho Chi Minh City"
922,Thien Phu Logia Hotel,454.661,8.058728448275861,135.6149732620321,"Binh Tan District, Ho Chi Minh City"
923,Vinhomes Central Park 3 Capitalland,1450.0,6.7,6.0,"Binh Thanh, Ho Chi Minh City"
924,Giang Son River Gate Ben Thanh,930.0,8.7,9.0,"District 4, Ho Chi Minh City"
925,Kim house,339.0,8.4,21.0,"District 1, Ho Chi Minh City"
926,KIRAKUAN PARKVIEW 2BR Pool/Gym/Balcony,1180.0,9.2,10.0,"Tan Binh, Ho Chi Minh City"
927,RedDoorz Romarin Hotel,344.25,8.058728448275861,135.6149732620321,"Tan Phu District, Ho Chi Minh City"
928,RedDoorz Truc Huyen Hotel,318.75,8.3,9.0,"Binh Tan District, Ho Chi Minh City"
929,Vinhomes Central Park 2 Capitalland,1377.5,5.1,5.0,"Binh Thanh, Ho Chi Minh City"
930,Saigon Eco House,330.0,8.058728448275861,135.6149732620321,"District 3, Ho Chi Minh City"
931,2BR 79M2 APART & FREE POOL - VINHOMES CENTRAL PARK,1760.0,8.058728448275861,7.0,"Binh Thanh, Ho Chi Minh City"
932,Khách sạn Huy Phương 24H,234.65,10.0,4.0,Ho Chi Minh City
933,Elsa Luxury Apartment With 5 Stars Swimming Pool,1115.162,8.058728448275861,135.6149732620321,"District 4, Ho Chi Minh City"
934,Te House,320.0,8.1,52.0,"Binh Thanh, Ho Chi Minh City"
935,Michael Apartment Scenic Valley,1650.284,8.7,7.0,"District 7, Ho Chi Minh City"
936,TRESOR FREE POOL & GYM ROSE HOME STUDIO HEART OF SAIGON,900.0,8.4,2.0,"District 4, Ho Chi Minh City"
937,Căn hộ YourHomes 4 Chung Cư River Gate,1000.0,8.058728448275861,135.6149732620321,"District 4, Ho Chi Minh City"
938,CĂN HỘ DỊCH VỤ 2 PHÒNG NGỦ LANDMARK 81,3195.0,8.058728448275861,135.6149732620321,"Binh Thanh, Ho Chi Minh City"
939,Diamond Luxury Ben Thanh,903.514,8.4,41.0,"District 1, Ho Chi Minh City"
940,River gate,1100.0,8.058728448275861,135.6149732620321,"District 4, Ho Chi Minh City"
941,Anh Nguyet 1 Hotel,330.0,6.3,3.0,"District 1, Ho Chi Minh City"
942,Infinity Edge Pool - Saigon Rivergate,950.0,10.0,3.0,"District 4, Ho Chi Minh City"
943,Anh Tram Hotel,375.0,7.4,49.0,"District 10, Ho Chi Minh City"
944,Jason's House - Vinhomes Central Park,1550.0,10.0,2.0,"Binh Thanh, Ho Chi Minh City"
945,CĂN HỘ DỊCH VỤ 2 PHÒNG NGỦ LANDMARK PLUS,1827.5,8.058728448275861,135.6149732620321,"Binh Thanh, Ho Chi Minh City"
946,Phung Long Hotel,750.0,6.0,2.0,"Tan Binh, Ho Chi Minh City"
947,Central Hotel & Residences with swimming pool,489.974,7.5,16.0,"District 7, Ho Chi Minh City"
948,Sara Landmark View G2BR- Thao Dien District 2,800.0,8.058728448275861,135.6149732620321,"District 2, Ho Chi Minh City"
949,A25 Hotel - 25 Trương Định,606.06,8.1,45.0,"District 1, Ho Chi Minh City"
950,Hung Phu 1 Hotel,318.993,8.058728448275861,135.6149732620321,Ho Chi Minh City
951,Thùy Dương Hotel,300.0,8.2,4.0,"Go Vap District , Ho Chi Minh City"
952,A enormous room with private kitchen and bathroom in the centre of Sai Gon,306.0,8.058728448275861,135.6149732620321,"District 1, Ho Chi Minh City"
953,Vinhomes Central Park 1 Br Best View,1120.0,2.0,2.0,"Binh Thanh, Ho Chi Minh City"
954,Khách sạn Phương Ly,680.0,7.5,22.0,"District 9, Ho Chi Minh City"
955,GLENWOOD APARTMENT,1241.79,5.5,2.0,"District 2, Ho Chi Minh City"
956,Hong Bao Thach Hotel,480.914,7.9,10.0,"Binh Tan District, Ho Chi Minh City"
957,Căn Hộ YourHomes 3 Chung Cư River Gate,1000.0,8.058728448275861,135.6149732620321,"District 4, Ho Chi Minh City"
958,Westay-Landmark Plus Luxury Apartments,1650.0,8.058728448275861,135.6149732620321,"Binh Thanh, Ho Chi Minh City"
959,Bin Bin Hotel 1 - Near RMIT University,410.4,7.7,29.0,"District 7, Ho Chi Minh City"
960,빈홈센트럴파크 랜드마크플러스동,1368.0,8.058728448275861,135.6149732620321,"Binh Thanh, Ho Chi Minh City"
961,Herla Central Saigon 1 River Gate Ben Thanh,950.0,8.8,27.0,"District 4, Ho Chi Minh City"
962,The Apartment,1050.0,9.0,1.0,"District 7, Ho Chi Minh City"
963,Thien Vu Hotel,343.842,7.7,12.0,"Tan Binh, Ho Chi Minh City"
964,RedDoorz Khang Manh Hotel,288.084,7.7,7.0,"Tan Binh, Ho Chi Minh City"
965,Camila Hotel,660.966,8.5,35.0,"Tan Binh, Ho Chi Minh City"
966,Hoang Oanh Hotel,400.0,5.5,13.0,"Binh Tan District, Ho Chi Minh City"
967,Chloe Gallery,3494.407,8.0,15.0,"District 7, Ho Chi Minh City"
968,Hotel A-Loi,290.407,6.0,2.0,Ho Chi Minh City
969,Landmark 81 Plus -1PN,1300.0,8.058728448275861,3.0,"Binh Thanh, Ho Chi Minh City"
970,Căn hộ Orchard Parkview - Tan Son Nhat Airport Homestay,850.0,9.5,18.0,"Phu Nhuan, Ho Chi Minh City"
971,Vinhomes Central Park 1 Captalland,1239.75,6.7,4.0,"Binh Thanh, Ho Chi Minh City"
972,Saigon City Residence,2599.025,8.2,7.0,"District 1, Ho Chi Minh City"
973,Capitalland's Service Apartment Park 2 Vinhomes,1239.75,9.3,3.0,"Binh Thanh, Ho Chi Minh City"
974,-40% 2BR Real LANDMARK81 Vinhomes PanoramaView,2670.0,1.0,1.0,"Binh Thanh, Ho Chi Minh City"
975,LANDMARK 81 2 Phòng Ngủ,3950.0,8.058728448275861,135.6149732620321,"Binh Thanh, Ho Chi Minh City"
976,Sunny Hotel and Apartment,562.228,8.1,23.0,"District 7, Ho Chi Minh City"
977,"Apartment whit 1br, 2br, 3br in Vinhomes central park",1400.0,8.058728448275861,135.6149732620321,"Binh Thanh, Ho Chi Minh City"
978,Phoenix HCM,560.0,5.0,1.0,"District 7, Ho Chi Minh City"
979,S Lux Apartment Rivergate,1125.0,8.058728448275861,135.6149732620321,"District 4, Ho Chi Minh City"
980,Wow! Homes by Christine - Vinhomes Luxury,1458.0,7.9,6.0,"Binh Thanh, Ho Chi Minh City"
981,RedDoorz Premium Thanh Binh Hotel,688.5,10.0,1.0,"District 7, Ho Chi Minh City"
982,Airy & Beauty 2BR apt- Masteri Thao Dien,1200.0,8.058728448275861,135.6149732620321,"District 2, Ho Chi Minh City"
983,Lux 2BR Flat - Vinhomes Central Park,1900.0,8.0,1.0,"Binh Thanh, Ho Chi Minh City"
984,The Pegasus Appartment,800.0,1.0,1.0,"District 8, Ho Chi Minh City"
985,My House 915,792.0,8.058728448275861,135.6149732620321,"District 1, Ho Chi Minh City"
986,Hotel Kally Saigon,800.0,8.0,10.0,"District 4, Ho Chi Minh City"
987,Golf Star Hotel,465.0,6.9,6.0,"Go Vap District , Ho Chi Minh City"
988,Tan Binh Hotel,1705.036,8.058728448275861,135.6149732620321,"Tan Binh, Ho Chi Minh City"
989,RedDoorz Huynh Gia Hotel,441.0,6.0,5.0,"Binh Thanh, Ho Chi Minh City"
990,Daniel Apartment - Masteri Thao Dien,1769.04,9.5,11.0,"District 2, Ho Chi Minh City"
991,Laguna Hotel,500.0,9.0,1.0,"District 7, Ho Chi Minh City"
992,HỘ KINH DOANH KHÁCH SẠN SÀI GÒN P.A.R.K,790.0,8.058728448275861,135.6149732620321,"District 1, Ho Chi Minh City"
993,Happy stay home,192.0,8.058728448275861,135.6149732620321,"Tan Binh, Ho Chi Minh City"
994,Saigon Royal Serviced Residences,960.0,9.0,1.0,"District 4, Ho Chi Minh City"
995,Angela Home - A cozy 2 bedroom apartment with landmark81 view,1600.0,8.058728448275861,135.6149732620321,"District 2, Ho Chi Minh City"
996,Hotel An Nhi,290.407,5.0,2.0,Ho Chi Minh City
997,KIMI HOST AIRBNB,1200.0,8.058728448275861,135.6149732620321,"Binh Thanh, Ho Chi Minh City"
998,Sunrise Cityview Apt *****,1840.0,5.5,2.0,Ho Chi Minh City
999,Căn Hộ Vinhomes Bình Thạnh View Đẹp,1120.0,8.058728448275861,135.6149732620321,"Binh Thanh, Ho Chi Minh City"
