Empty weight,Last timing belt change,General inspection,Offer number,Warranty,Body type,Paint,Gearbox,Cylinders,Fuel type,Gears,Type,Mileage,Full service history,Manufacturer colour,Seats,Last service,Production date,name,Comfort & Convenience,Model code,Emission class,Extras,Power,First registration,Engine size,Safety & Security,Colour,Previous owner,Country version,"Fuel consumption
2",Entertainment & Media,"CO₂-emissions
2",price
,,,,,Chopper/Cruiser,,,2,Gasoline,,Used,"15,000 km",Yes,,,,,TriumphBonneville Bobber,Electric Starter,,,,59 kW (80 hp),2018-09-01,"1,200 cc",Immobilizer,,1,,,,,"€ 11,350.-"
,,,,,Chopper/Cruiser,,Manual,2,Gasoline,5,Antique / Classic,"48,000 km",Yes,,,Aug-21,,YamahaXV 750,"Cover panel
Electric Starter
Topcase",,,,40 kW (54 hp),1992-05-01,750 cc,,Blue,,,,,,"€ 2,000.-"
,,,,,Moped,,Automatic,,Gasoline,1,Used,"1,649 km",,,,,,A.T.U,"Electric Starter
Kickstarter",,,,2 kW (3 hp),2014-03-01,49 cc,,Orange,1,,,,,€ 450.-
,,,,,Scooter,Metallic,Automatic,1,Gasoline,,Used,49 km,Yes,,,,,KymcoSuper 8,"Cover panel
Electric Starter",,,,3 kW (4 hp),2022-05-01,49 cc,,Red,1,,,,,"€ 2,550.-"
,,Jun-24,,,Naked Bike,,,,Gasoline,,Used,"1,050 km",Yes,,,Apr-21,,YamahaMT-07,,,,,35 kW (48 hp),2016-06-01,,ABS,Grey,1,,,,,"€ 5,000.-"
218 kg,,May-23,,,Naked Bike,,Manual,2,Gasoline,6,Used,"10,500 km",Yes,,,May-22,,Moto GuzziV 7,Crash bar,,,,34 kW (46 hp),2018-05-01,744 cc,ABS,Grey,2,,,,,"€ 7,200.-"
207 kg,,May-24,,,Supersport,,Manual,2,Gasoline,6,Used,830 km,Yes,,,,,HondaCBR 650,Electric Starter,,Euro 4,,35 kW (48 hp),2020-05-01,650 cc,"ABS
Immobilizer
Traction control",Black,1,,"5 l/100 km (comb.)
5.5 l/100 km (city)
4.5 l/100 km (country)",,,"€ 8,300.-"
,,,,,Others,,,,Gasoline,,Used,"52,000 km",Yes,,,,,Harley-DavidsonRoad King,"Crash bar
Electric Starter
Windshield",,,Catalytic Converter,70 kW (95 hp),2013-12-01,,"ABS
Alarm system
Immobilizer
Traction control",White,,,,,,"€ 20,000.-"
,,,,,Tourer,,,,Gasoline,,Used,"88,500 km",,,,,,BMWR 850 RT,Hot bar end,,,,54 kW (73 hp),1999-09-01,848 cc,ABS,,2,,,,,"€ 2,000.-"
,,Jul-22,,,Others,,,,Gasoline,,Used,"81,300 km",,,,,,YamahaX-Max 250,Topcase,,,,15 kW (20 hp),2006-07-01,,,Yellow,,,,,,€ 690.-
240 kg,,,,,Others,Metallic,Manual,2,Gasoline,5,Used,"46,000 km",,,,,,HondaVaradero,"Cover panel
Electric Starter
Topcase
Windshield",,,,69 kW (94 hp),2000-08-01,996 cc,ABS,Red,,,"6 l/100 km (comb.)
6 l/100 km (city)
6 l/100 km (country)",,,"€ 3,300.-"
,,,,,Touring Enduro,,,,Gasoline,,Used,"11,550 km",Yes,,,Jun-20,,KawasakiER - 6 F,"Cover panel
Electric Starter
Windshield",,,,53 kW (72 hp),2013-03-01,649 cc,ABS,Green,1,,,,,"€ 4,500.-"
96 kg,,,,,Motocrosser,,Manual,1,Gasoline,5,Used,50 km,,,,Jun-22,,HondaCRF 250,,,,,32 kW (44 hp),2012-01-01,250 cc,,,1,,,,,"€ 3,000.-"
,,Apr-24,,,Others,Metallic,,,Gasoline,,Used,"1,000 km",,,,,,BMWG 310 R,Electric Starter,,,,25 kW (34 hp),2022-04-01,,ABS,Grey,1,,,,,"€ 5,899.-"
,,Aug-22,,,Scooter,,Automatic,1,Gasoline,,Used,"24,083 km",,,,,,KymcoGrand Dink 125,"Electric Starter
Topcase
Windshield",,,,8 kW (11 hp),2007-09-01,125 cc,,Blue,3,,,"Bluetooth
MP3
Radio",,€ 650.-
,,,,,Others,,,,Gasoline,,Used,"24,499 km",,,,,,YamahaYZF-R1,,,,,74 kW (101 hp),2006-01-01,,,Black,,,,,,"€ 6,000.-"
175 kg,,May-24,,,Naked Bike,Metallic,Manual,1,Gasoline,5,Used,"9,250 km",Yes,,,May-22,,Royal EnfieldBullet 500,"Electric Starter
Kickstarter",,,Catalytic Converter,20 kW (27 hp),2013-07-01,500 cc,,Black,1,,,,,"€ 4,500.-"
,,Jun-24,,,Naked Bike,Metallic,,,Gasoline,,Used,"1,004 km",Yes,,,,,DucatiXDiavel,,,,,112 kW (152 hp),2018-06-01,"1,260 cc",,Black,2,,,,,"€ 14,800.-"
219 kg,,May-24,,,Tourer,Metallic,Manual,4,Gasoline,6,Used,"9,330 km",Yes,,,,,HondaCBF 600,"Crash bar
Electric Starter
Windshield",,,Catalytic Converter,57 kW (77 hp),2004-06-01,599 cc,ABS,Grey,1,,,,,"€ 3,300.-"
,,,,,Sport touring,,Manual,2,Gasoline,5,Used,"28,600 km",,,,,,HondaNC 750,"Crash bar
Electric Starter
Topcase
Windshield",,,,35 kW (48 hp),2016-08-01,,ABS,White,1,,,,,"€ 4,995.-"
201 kg,,Apr-24,,,Scooter,,Automatic,1,Gasoline,,Used,"26,800 km",,,,Jun-22,,PiaggioBeverly 500,"Electric Starter
Topcase",,,,29 kW (39 hp),2003-11-01,459 cc,Immobilizer,Black,2,,"4.6 l/100 km (comb.)
4.6 l/100 km (city)
4.6 l/100 km (country)",,,"€ 2,000.-"
,,Jan-22,,,Naked Bike,,Manual,,Gasoline,,Used,"26,000 km",,,,,,KawasakiZ 1000,Electric Starter,,,Catalytic Converter,103 kW (140 hp),2010-01-01,"1,000 cc",,Silver,,,,,,"€ 5,500.-"
,,,,,Others,,,,Gasoline,,Used,"29,500 km",,,,Jun-21,,DucatiMonster 600,,,,,55 kW (75 hp),2001-02-01,,,Red,,,,,,"€ 2,500.-"
350 kg,,Jun-24,,,Sport touring,Metallic,Manual,2,Gasoline,5,Used,"72,150 km",,,,Jun-22,,Harley-DavidsonStreet Glide,"Cover panel
Crash bar
Electric Starter
Windshield",,Euro 2,,66 kW (90 hp),2006-01-01,"7,690 cc","Alarm system
Immobilizer",Bronze,1,,,Radio,,"€ 13,900.-"
,,Aug-23,,,Naked Bike,Metallic,Manual,,Gasoline,6,Used,"43,000 km",,,,Jul-21,,HondaHornet,,,,,70 kW (95 hp),2000-06-01,600 cc,,Blue,2,,,,,"€ 2,300.-"
183 kg,,New,,,Supersport,,Manual,4,Gasoline,6,Used,"29,000 km",Yes,,,Jun-22,,HondaCBR 900,"Cover panel
Windshield",,,Sport suspension,111 kW (151 hp),2003-05-01,900 cc,Immobilizer,Red,1,,,,,"€ 4,390.-"
160 kg,,Aug-20,,,Scooter,,Automatic,,Gasoline,,Used,"1,118 km",Yes,,,Oct-21,,VespaGTS 300,"Electric Starter
Topcase",,Euro 4,,18 kW (24 hp),2020-08-01,278 cc,ABS,Black,1,,,,74 g/km (comb.),"€ 5,899.-"
,,Jun-23,,,Super Moto,,Manual,1,Gasoline,5,Used,"10,682 km",,,,Apr-22,,LuxxonSupermoto 125,Electric Starter,,,,8 kW (11 hp),2008-08-01,125 cc,,Black,2,,"2.8 l/100 km (comb.)
3 l/100 km (city)
2.5 l/100 km (country)",,,"€ 1,475.-"
,,May-22,,,Scooter,,Automatic,,Gasoline,,Used,"5,397 km",,,,,,KymcoXciting 500i,,,,,28 kW (38 hp),2010-05-01,,ABS,Silver,2,,,,,€ 590.-
,,,,,Chopper/Cruiser,,Manual,2,Gasoline,6,Used,"38,750 km",,,,Jun-21,,Harley-DavidsonDyna Switchback,"Cover panel
Crash bar
Cruise control
Electric Starter
Windshield",,,Catalytic Converter,56 kW (76 hp),2012-07-01,"1,765 cc","ABS
Alarm system
Immobilizer",Black,1,,,,,"€ 10,500.-"
232 kg,Feb-22,Feb-24,,,Scooter,Metallic,Automatic,1,Gasoline,,Used,"35,095 km",Yes,,,Feb-22,,PiaggioX 10,"Electric Starter
Topcase
Windshield",,Euro 5,,30 kW (41 hp),2013-04-01,493 cc,"ABS
Immobilizer",Beige,2,,,,,"€ 3,800.-"
,,,,,Others,,,,Gasoline,,Used,"18,000 km",,,,May-22,,KawasakiZ 1000,,,,,101 kW (137 hp),2011-11-01,,,White,,,,,,"€ 5,700.-"
,,,,,Naked Bike,Metallic,,,Gasoline,,Used,"29,800 km",,,,Mar-21,,HondaCB 600,"Crash bar
Electric Starter",,,,70 kW (95 hp),1998-06-01,,,Silver,,,,,,"€ 2,550.-"
,,Jun-23,,,Naked Bike,Metallic,Manual,2,Gasoline,6,Used,"18,495 km",,,,,,DucatiMonster 1100,"Electric Starter
Windshield",,,Catalytic Converter,70 kW (95 hp),2010-06-01,"1,079 cc",,Red,1,,,,,"€ 7,400.-"
,,Apr-24,,,Others,,,,Gasoline,,Used,"6,050 km",,,,,,KymcoMaxxer 300,,,,,15 kW (20 hp),2012-05-01,,,Black,,,,,,"€ 3,000.-"
138 kg,,,,,Others,,Manual,1,Gasoline,6,Used,"7,000 km",Yes,,,,,YamahaMT-125,,,,,11 kW (15 hp),2016-02-01,124 cc,ABS,Grey,,,,,,"€ 3,500.-"
,,,,,Scooter,,,,Gasoline,,Used,"31,500 km",,,,,,YamahaTMAX 530,,,,,33 kW (45 hp),2015-01-01,,,,,,,,,"€ 7,200.-"
,,,,,Others,,,,Gasoline,,Used,"41,746 km",Yes,,,,,SuzukiGSX 650,"Cover panel
Electric Starter
Topcase",,,,63 kW (86 hp),2015-04-01,,ABS,Black,,,,,,"€ 5,950.-"
213 kg,,,,,Sport touring,,Manual,2,Gasoline,6,Used,"73,300 km",Yes,,,,,SuzukiV-Strom 650,"Crash bar
Electric Starter
Topcase
Windshield",,,,49 kW (67 hp),2004-09-01,645 cc,,Grey,1,,5.5 l/100 km (comb.),MP3,,"€ 3,500.-"
223 kg,,Apr-22,,,Naked Bike,,,,Gasoline,,Used,"32,000 km",Yes,,,Apr-20,,SuzukiGSX 750,,,,,63 kW (86 hp),2002-02-01,750 cc,,Blue,3,,,,,"€ 1,700.-"
,,,,,Naked Bike,,Manual,2,Gasoline,,Used,"61,000 km",,,,,,DucatiMonster 600,,,,,39 kW (53 hp),1999-08-01,583 cc,,Black,2,,,,,"€ 1,000.-"
,,,,,Sport touring,Metallic,Manual,4,Gasoline,6,Used,"60,000 km",,,,,,YamahaFZS 600,"Electric Starter
Windshield",,,,70 kW (95 hp),1998-04-01,598 cc,,Black,,,,,,"€ 1,500.-"
,,,,,Others,,,,Gasoline,,Used,"19,000 km",,,,,,SuzukiGSX-R 1000,,,,,147 kW (200 hp),2008-01-01,,,Black,,,,,,"€ 8,000.-"
,,Jul-23,,,Scooter,,,,Gasoline,,Used,"62,000 km",,,,Jun-22,,YamahaTMAX 500,,,,,32 kW (44 hp),2009-07-01,,,White,,,,,,"€ 4,300.-"
,,,,,Others,,,,Gasoline,,Used,"24,000 km",,,,,,DucatiMonster 696,,,,,54 kW (73 hp),2008-06-01,,,White,,,,,,"€ 3,900.-"
,,Jan-23,,,Naked Bike,,Manual,3,Gasoline,6,Used,"7,000 km",Yes,,,Jul-21,,MV AgustaBrutale 800,,,,,81 kW (110 hp),2019-01-01,800 cc,ABS,Black,,,,,,"€ 11,500.-"
189 kg,,,MV-RH-45,,Others,,,2,Gasoline,,Used,"47,000 km",,Geel,,,,SuzukiV-Strom 650,"Crash bar
Topcase",,,,49 kW (67 hp),2009-07-01,645 cc,,Yellow,,,,,,"€ 5,750.-"
,,Aug-23,,,Others,,,,Gasoline,,Used,"62,000 km",,,,,,YamahaFZR 600,,,,,72 kW (98 hp),1996-06-01,,,White,,,,,,"€ 2,500.-"
189 kg,,,MR-FR-39,,Others,Metallic,,2,Gasoline,,Used,"57,000 km",,Zwart metallic,,,,SuzukiV-Strom 650,"Crash bar
Hot bar end
Topcase",,,,49 kW (67 hp),2006-10-01,645 cc,,Black,,,,,,"€ 4,499.-"
276 kg,,Sep-23,,,Tourer,Metallic,Manual,2,Gasoline,6,Used,"19,400 km",Yes,,,Jun-22,,BMWR 1200 RT,"Cover panel
Cruise control
Electric Starter
Hot bar end
Seat heating
Topcase
Windshield",,,Catalytic Converter,92 kW (125 hp),2019-09-01,"1,170 cc","ABS
Alarm system
Traction control",Black,1,,,"MP3
Radio",,"€ 16,666.-"
,,,,,Sport touring,Metallic,,,Gasoline,,Used,"14,700 km",,,,,,YamahaFZS 600,"Cover panel
Windshield",,,Sport suspension,73 kW (99 hp),2000-08-01,,,Gold,3,,,,,"€ 1,700.-"
,,,,,Others,,,,Gasoline,,Used,"49,500 km",,,,,,KawasakiZZR 1400,,,,,140 kW (190 hp),2007-06-01,,,Black,,,,,,"€ 7,000.-"
170 kg,,Apr-24,,,Touring Enduro,,Manual,1,Gasoline,6,Used,"25,000 km",Yes,,,Jun-22,,BMWG 310 GS,"Crash bar
Electric Starter
Windshield",,,,25 kW (34 hp),2018-06-01,314 cc,"ABS
Alarm system",Black,2,,,,,"€ 3,800.-"
,,,,,Scooter,,Automatic,,Gasoline,,Used,950 km,,,,,,VespaPrimavera,,,,,37 kW (50 hp),2020-06-01,,,Blue,,,,,,"€ 2,500.-"
,,,,,Others,,,,Gasoline,,Used,"49,500 km",,,,,,KawasakiZZR 1400,,,,,140 kW (190 hp),2007-06-01,,,Black,,,,,,"€ 6,900.-"
,,May-22,,,Supersport,,Manual,,Gasoline,,Used,"26,029 km",,,,,,SuzukiGSX-R 600,,,,,92 kW (125 hp),2009-03-01,,,Blue,3,,,,,"€ 5,500.-"
,,,,,Classic,,Manual,,Gasoline,,Used,"50,000 km",,,,,,HondaCX 500,,,,,37 kW (50 hp),1982-03-01,,,Red,,,,,,"€ 2,400.-"
,,,,,Others,,,,Gasoline,,Used,"3,500 km",,,,,,KTM790 Adventure,,,,,35 kW (48 hp),2019-04-01,,,Orange,,,,,,"€ 11,000.-"
,,,,,Touring Enduro,Metallic,Manual,2,Gasoline,6,Used,"11,500 km",,,,Jun-22,,DucatiScrambler,,,,Catalytic Converter,55 kW (75 hp),2017-09-01,800 cc,ABS,Red,,,,,,"€ 6,500.-"
262 kg,,May-24,,,Sport touring,,Manual,4,Gasoline,5,Used,"46,390 km",,,,May-22,,YamahaFJR 1300,,,,,106 kW (144 hp),2006-03-01,"1,300 cc",ABS,Silver,2,,6.5 l/100 km (comb.),,,"€ 5,900.-"
,,,,,Others,,,,Gasoline,,Used,520 km,Yes,,,,,SYMMask 50,"Electric Starter
Topcase",,,Catalytic Converter,33 kW (45 hp),2021-04-01,,ABS,Blue,,,,,,"€ 2,250.-"
301 kg,,Jul-23,,,Quad,,Semi-automatic,1,Gasoline,5,Used,"16,400 km",,,,,,Arctic Cat300,,,,,11 kW (15 hp),2003-03-01,280 cc,,Red,,,,,,"€ 1,500.-"
214 kg,,,,,Sport touring,Metallic,Manual,3,Gasoline,6,Used,"71,000 km",,,,,,TriumphSpeed Triple 1050,"Cover panel
Electric Starter
Windshield",,,Catalytic Converter,99 kW (135 hp),2011-03-01,"1,050 cc",ABS,White,1,,,,,"€ 4,500.-"
,,Jun-23,,,Classic,,,,Gasoline,,Antique / Classic,"2,000 km",Yes,,,May-22,,Moto Guzzi850 Le Mans,,,,,82 kW (111 hp),1982-06-01,,,,,,,,,"€ 22,000.-"
,,,,,Others,,,,Gasoline,,Used,"3,560 km",Yes,,,Aug-21,,BMWR nineT,Crash bar,,,,81 kW (110 hp),2020-07-01,,ABS,White,,,,,,"€ 14,000.-"
,,,,,Others,,,,Gasoline,,Used,700 km,,,,,,BenelliBN 125,,,,,11 kW (15 hp),2022-04-01,,,Green,,,,,,"€ 3,000.-"
,,,,,Others,,,,Gasoline,,Used,156 km,Yes,,,,,HondaCMX 500,Topcase,,,,34 kW (46 hp),2020-07-01,,ABS,Black,,,,,,"€ 6,399.-"
,,,,,Others,,,,Gasoline,,Used,"51,000 km",,,,,,YamahaTMAX 500,,,,,32 kW (44 hp),2008-06-01,,Alarm system,Black,,,,,,"€ 3,700.-"
182 kg,,,,,Naked Bike,,Manual,2,Gasoline,5,Used,"13,600 km",,,,,,Moto GuzziV 7,Electric Starter,,Euro 3,,37 kW (50 hp),2009-02-01,744 cc,,Black,2,,,,,"€ 5,500.-"
,,,,,Others,,,2,Gasoline,,Used,"9,000 km",,,,,,KawasakiVersys 650,"Cover panel
Electric Starter",,,,57 kW (77 hp),2020-06-01,,ABS,Black,1,,,,,"€ 7,200.-"
,,May-24,,,Others,,Manual,1,Gasoline,5,Used,"37,647 km",,,,,,KTM640 LC 4,"Electric Starter
Kickstarter",,,,37 kW (50 hp),2022-04-01,,,Black,4,,,,,"€ 3,333.-"
259 kg,,,,,Tourer,Metallic,Manual,2,Gasoline,6,Used,"83,647 km",Yes,,,,,BMWR 1200 RT,"Cruise control
Electric Starter
Hot bar end
Seat heating
Windshield",,,,81 kW (110 hp),2011-09-01,"1,170 cc","ABS
Traction control",Grey,,,,,,"€ 7,600.-"
,,May-24,,,Sport touring,,Manual,2,Gasoline,6,Used,"26,400 km",,,,Jun-22,,BMWR 1150 RS,"Cover panel
Electric Starter
Hot bar end
Windshield",,,Catalytic Converter,70 kW (95 hp),2002-04-01,"1,130 cc","ABS
Immobilizer",Blue,3,,,,,"€ 3,150.-"
,,May-24,,,Sport touring,,Manual,2,Gasoline,6,Used,"26,400 km",,,,Jun-22,,BMWR 1150 RS,"Cover panel
Electric Starter
Hot bar end
Windshield",,,Catalytic Converter,70 kW (95 hp),2002-04-01,"1,130 cc","ABS
Immobilizer",Blue,3,,,,,"€ 3,150.-"
,,May-24,,,Others,Metallic,,,Gasoline,,Used,"43,000 km",,,,Sep-21,,BMWR 1200 R,"Electric Starter
Hot bar end
Windshield",,,,81 kW (110 hp),2014-05-01,,ABS,Blue,2,,,,,"€ 7,900.-"
,,May-23,,,Others,,Manual,4,Gasoline,5,Used,"2,200 km",,,,Feb-22,,BMWK 1100 LT,,,,,74 kW (101 hp),1997-06-01,"1,100 cc",ABS,Black,,,,,,"€ 6,500.-"
447 kg,,Mar-23,,,Quad,Metallic,Automatic,2,Gasoline,,Used,"2,642 km",,,,,,CF MotoCForce 1000,"Electric Starter
Windshield",,,,62 kW (84 hp),2021-03-01,963 cc,,Orange,1,,,,350 g/km (comb.),"€ 11,500.-"
,,,,,Others,,,,Gasoline,,Used,"18,000 km",,,,,,Harley-DavidsonDyna Super Glide,,,,,11 kW (15 hp),2000-11-01,,,Silver,,,,,,"€ 12,500.-"
,,,,,Others,,,,Gasoline,,Used,"50,000 km",,,,,,YamahaX-Max 400,Topcase,,,,25 kW (34 hp),2016-07-01,,ABS,Black,1,,,,,"€ 3,900.-"
,,Apr-24,,,Naked Bike,,Manual,,Gasoline,,Used,"9,644 km",,,,Jun-22,,YamahaXJ 6,,,,,57 kW (77 hp),2011-05-01,600 cc,ABS,White,,,,,,"€ 4,300.-"
240 kg,,,,12 months,Touring Enduro,Metallic,Manual,2,Gasoline,6,Used,"39,052 km",Yes,,,Jun-22,,BMWR 1200 RT,"Cover panel
Crash bar
Electric Starter
Hot bar end
Topcase
Windshield",,Euro 3,Catalytic Converter,77 kW (105 hp),2007-08-01,"1,170 cc","ABS
Alarm system
Immobilizer",Blue,2,,,,,"€ 6,900.-"
,,,,,Others,,,,Gasoline,,Used,"2,651 km",Yes,,,,,AdlyHurricane 450,,,,,31 kW (42 hp),2019-05-01,,,White,1,,,,,"€ 4,750.-"
,,,,,Others,,,,Gasoline,,Used,"6,017 km",,,,,,YamahaVmax,Electric Starter,,,Catalytic Converter,147 kW (200 hp),2015-04-01,,"ABS
Immobilizer",Black,,,,,,"€ 19,500.-"
,,,,,Sport touring,,,,Gasoline,,Used,"15,447 km",Yes,,,,,Harley-DavidsonRoad Glide,"Cover panel
Crash bar
Cruise control
Electric Starter
Topcase",,,,81 kW (110 hp),2018-04-01,,"ABS
Alarm system
Immobilizer",White,,,,"Bluetooth
Hands-free equipment
MP3
Radio",,"€ 27,500.-"
140 kg,,,,,Naked Bike,Metallic,Manual,,Gasoline,6,Used,"13,800 km",Yes,,,May-22,,YamahaMT-125,"Electric Starter
Windshield",,,Catalytic Converter,11 kW (15 hp),2020-05-01,125 cc,ABS,Orange,,,,,,"€ 3,580.-"
240 kg,,May-23,,,Tourer,,Automatic,2,Gasoline,6,Used,"13,500 km",Yes,,,Jun-22,,HondaNC 750,"Cover panel
Topcase",,,,43 kW (58 hp),2017-05-01,750 cc,ABS,White,1,,,,,"€ 6,500.-"
,,,,,Sport touring,,Manual,,Gasoline,,Used,"19,500 km",Yes,,,,,BMWR 1200 GS Adventure,"Cover panel
Crash bar
Cruise control
Electric Starter
Hot bar end",,,Catalytic Converter,92 kW (125 hp),2019-03-01,,"ABS
Alarm system
Immobilizer
Traction control",Blue,,,,Bluetooth,,"€ 17,500.-"
,,,,,Others,,,,Two Stroke Gasoline,,Used,"14,500 km",,,,,,PiaggioLiberty 50,,,,,3 kW (4 hp),1997-09-01,,,Blue,,,,,,€ 490.-
,,,,,Others,,,,Gasoline,,Used,"21,000 km",,,,,,HondaCBR 1000,,,,,141 kW (192 hp),2017-04-01,,,Black,,,,,,"€ 14,850.-"
,,Sep-22,,,Chopper/Cruiser,Metallic,Manual,,Gasoline,,Used,"7,700 km",Yes,,,,,SuzukiVL 1500,"Electric Starter
Topcase",,,,49 kW (67 hp),2006-09-01,"1,462 cc",,Blue,1,,,,,"€ 7,550.-"
334 kg,,Apr-23,,,Sidecar,,Manual,2,Gasoline,5,Used,"18,300 km",,,,,,UralTourist (Gespann),"Cover panel
Electric Starter
Kickstarter
Windshield",,,,30 kW (41 hp),2003-11-01,750 cc,,Black,,,,,,"€ 6,500.-"
,,,,,Others,,,,Gasoline,,Used,"77,523 km",Yes,,,,,KawasakiNinja ZX-12R,Electric Starter,,,Sport suspension,131 kW (178 hp),2001-08-01,,,Blue,,,,,,"€ 2,650.-"
,,May-23,,,Super Moto,,Manual,1,Gasoline,5,Used,"35,900 km",,,,May-21,,KTM640 LC 4,,,,,37 kW (50 hp),1999-10-01,,,Orange,,,,,,"€ 7,700.-"
,,,,,Others,,,,Gasoline,,Used,"24,000 km",,,,,,Harley-DavidsonV-Rod,Electric Starter,,,,125 kW (170 hp),2009-09-01,,"ABS
Alarm system
Immobilizer",Black,,,,,,"€ 19,000.-"
,,,,,Others,Metallic,,,Gasoline,5,Used,"15,000 km",Yes,,,,,Harley-DavidsonSportster Forty Eight,Cruise control,,,,80 kW (109 hp),2015-08-01,,"ABS
Alarm system",Grey,,,,,,"€ 13,500.-"
,,Jun-24,,,Naked Bike,,Manual,3,Gasoline,6,Used,"45,000 km",,,,Jun-22,,TriumphThunderbird Sport,,,,,62 kW (84 hp),2001-06-01,900 cc,,Orange,1,,,,,"€ 5,000.-"
,,Jul-23,,,Others,,,,Gasoline,,Used,"14,990 km",,,,,,KTM640 LC 4,"Electric Starter
Kickstarter",,,,40 kW (54 hp),2006-06-01,,,Black,,,,,,"€ 5,990.-"
210 kg,,Apr-23,,,Tourer,Metallic,Manual,3,Gasoline,6,Used,"3,331 km",Yes,,,Apr-21,,YamahaTracer 900,"Cruise control
Electric Starter
Hot bar end
Windshield",,,"Catalytic Converter
Sport suspension",85 kW (116 hp),2019-03-01,850 cc,"ABS
Traction control",Blue,2,,,,,"€ 12,500.-"
,,,,,Others,Metallic,Manual,,Gasoline,,Used,"51,000 km",,,,May-22,,TriumphSpeed Triple 1050,"Electric Starter
Topcase",,,,103 kW (140 hp),2007-10-01,"1,050 cc",,Black,,,,,,"€ 4,300.-"
,,Aug-22,,,Scooter,Metallic,,,Gasoline,,Used,"12,500 km",,,,,,YamahaCygnus,"Electric Starter
Kickstarter
Topcase
Windshield",,,,8 kW (11 hp),2007-06-01,125 cc,,Black,1,,,,,€ 500.-
,,,,,Scooter,Metallic,Automatic,1,Gasoline,,Used,"16,000 km",Yes,,,Jul-20,,KymcoDowntown 300i,"Electric Starter
Topcase
Windshield",,,,22 kW (30 hp),2016-10-01,300 cc,ABS,White,,,4 l/100 km (comb.),,,"€ 2,900.-"
,,,,,Classic,,Manual,2,Gasoline,5,Used,"25,000 km",,,,,,Ducati900 NCR,,,,,60 kW (82 hp),1981-01-01,900 cc,,Red,2,,,,,"€ 21,000.-"
,,,,Yes,Others,,Manual,,Gasoline,,Used,"13,400 km",,Grijs,,,,HondaNC 750,,,,,,2017-01-01,,,Grey,,,,,,"€ 6,950.-"
,,,,,Others,,,,Gasoline,,Used,700 km,,,,,,SYM,Electric Starter,,,,9 kW (12 hp),2022-04-01,,"ABS
Alarm system",Black,,,,,,"€ 2,750.-"
,,May-20,17307840,,Super Moto,,Manual,2,Gasoline,6,Used,"7,500 km",,Rosso,,,,DucatiHypermotard 950,,,,,84 kW (114 hp),2020-05-01,937 cc,,Red,,,,,,"€ 10,900.-"
,,,17307680,24 months,Supersport,,Manual,2,Gasoline,6,Used,"49,700 km",Yes,Bianco,,,,BMWR 1200 GS,,,Euro 3,,92 kW (125 hp),2014-03-01,"1,170 cc",ABS,White,3,,,,,"€ 12,600.-"
,,Jun-23,17307722,24 months,Touring Enduro,,Manual,2,Gasoline,6,Used,"3,500 km",Yes,Grigio,,,,BMWR nineT,,,Euro 3,,81 kW (110 hp),2019-06-01,"1,170 cc",ABS,Grey,1,,,,,"€ 12,500.-"
,,,17307134,12 months,Touring Enduro,,Manual,,Gasoline,6,Used,"30,703 km",,Vari colori,,,,BMWR 1200 GS,,,Euro 4,,92 kW (125 hp),2017-03-01,"1,170 cc",,,2,,,,,"€ 17,500.-"
,,,17307061,12 months,Enduro Bike,,Manual,,Gasoline,5,Used,"66,400 km",,Rosso,,,,BMWF 650,,,,,35 kW (48 hp),1996-01-01,652 cc,,Red,1,,,,,"€ 1,550.-"
,,,17307030,12 months,Touring Enduro,,Manual,,Gasoline,6,Used,"42,570 km",,Nero,,,,TriumphTiger 800,,,Euro 3,,70 kW (95 hp),2011-09-01,800 cc,,Black,5,,,,,"€ 6,990.-"
,,,17306997,12 months,Super Moto,,Manual,,Gasoline,6,Used,"51,903 km",,Rosa,,,,BMWR 1200 GS Adventure,,,Euro 4,,92 kW (125 hp),2017-11-01,"1,170 cc",,,3,,,,,"€ 15,990.-"
,,,STREETFIGHTEV2,,Others,,,,Gasoline,,Used,"2,754 km",,ROUGE,,,,DucatiStreetfighter,,,,,,2022-03-01,,,,1,,,,,"€ 17,590.-"
,,,2968,3 months,Others,,Manual,,Gasoline,,Used,"18,247 km",,Jet black,,,,TriumphSpeed Triple 1050,,,,,,2010-05-01,"1,050 cc",,,,,,,,"€ 7,690.-"
,,,174564,24 months,Naked Bike,,,,Gasoline,,Used,"3,500 km",,Grigio,,,,BMWR nineT,,,,Catalytic Converter,,2019-06-01,"1,170 cc",,Grey,1,,,,,"€ 12,500.-"
,,,184543,24 months,Touring Enduro,,,,Gasoline,,Used,"49,700 km",,Bianco,,,,BMWR 1200 GS,,,,Catalytic Converter,,2014-01-01,"1,170 cc",,White,3,,,,,"€ 12,600.-"
,,,184550,12 months,Touring Enduro,,,,Gasoline,,Used,"7,500 km",,Rosso,,,,DucatiHypermotard 950,,,,Catalytic Converter,,2020-01-01,937 cc,,Red,1,,,,,"€ 8,900.-"
,,,17307897,12 months,Touring Enduro,,Manual,,Gasoline,6,Used,"42,570 km",,Nero,,,,TriumphTiger 800,,,Euro 3,,70 kW (95 hp),2011-09-01,800 cc,,Black,5,,,,,"€ 6,990.-"
,,,17307896,12 months,Enduro Bike,,Manual,,Gasoline,5,Used,"66,400 km",,Rosso,,,,BMWF 650,,,,,35 kW (48 hp),1996-01-01,652 cc,,Red,1,,,,,"€ 1,550.-"
,,,17307895,12 months,Super Moto,,Manual,,Gasoline,6,Used,"51,903 km",,Rosa,,,,BMWR 1200 GS Adventure,,,Euro 4,,92 kW (125 hp),2017-11-01,"1,170 cc",,,3,,,,,"€ 15,990.-"
,,,17307898,12 months,Touring Enduro,,Manual,,Gasoline,6,Used,"30,703 km",,Vari colori,,,,BMWR 1200 GS,,,Euro 4,,92 kW (125 hp),2017-03-01,"1,170 cc",,,2,,,,,"€ 17,500.-"
,,,17307319,,Naked Bike,,Manual,,Gasoline,,Used,"4,000 km",,Blu,,,,Suzuki,,,,,112 kW (152 hp),2021-07-01,999 cc,,Blue,,,,,,"€ 11,500.-"
,,,17307191,,Tourer,,Manual,,Gasoline,,Used,"70,000 km",,Bianco,,,,Moto GuzziNorge 850,,,,,53 kW (72 hp),2008-05-01,877 cc,,White,,,,,,"€ 3,900.-"
,,,17307304,,Others,,Manual,,Gasoline,,Used,"18,000 km",,Verde,,,,KawasakiNinja 400,,,,,33 kW (45 hp),2021-04-01,399 cc,,Green,,,,,,"€ 5,900.-"
,,,17307010,,Touring Enduro,,Manual,,Gasoline,,Used,"12,000 km",,Nero,,,,Honda,,,,,39 kW (53 hp),2007-07-01,650 cc,,Black,,,,,,"€ 3,900.-"
,,,17306944,,Scooter,,Automatic,,Gasoline,,Used,"20,000 km",,Bianco,,,,Kymco,,,,,17 kW (23 hp),2009-04-01,270 cc,,White,,,,,,"€ 2,400.-"
,,,17306869,,Scooter,,Automatic,,Gasoline,,Used,"41,000 km",,Blu,,,,Suzuki,,,,,24 kW (33 hp),2007-03-01,385 cc,,Blue,,,,,,"€ 2,300.-"
,,,17306155,,Super Moto,,Manual,,Gasoline,,Used,"19,000 km",,Nero,,,,SWMSM 125 R,,,,,8 kW (11 hp),2017-06-01,124 cc,,Black,,,,,,"€ 3,300.-"
,,,17306439,,Touring Enduro,,Manual,,Gasoline,,Used,"54,000 km",,Blu,,,,BMWR 1250 GS Adventure,,,,,81 kW (110 hp),2010-09-01,"1,170 cc",,Blue,,,,,,"€ 10,800.-"
,,,17306336,,Supersport,,Manual,,Gasoline,,Used,"29,000 km",,Bianco,,,,ApriliaRSV4,,,,,132 kW (179 hp),2011-11-01,999 cc,,White,,,,,,"€ 9,900.-"
,,,17306295,,Tourer,Metallic,Manual,,Gasoline,,Used,"33,000 km",,Argento,,,,Moto GuzziNorge 850,,,,,53 kW (72 hp),2009-05-01,877 cc,,Silver,,,,,,"€ 3,900.-"
,,,17306054,,Touring Enduro,,Manual,,Gasoline,,Used,"41,000 km",,Rosso,,,,Moto GuzziStelvio 1200,,,,,77 kW (105 hp),2008-04-01,"1,150 cc",,Red,,,,,,"€ 5,800.-"
,,,17306101,,Touring Enduro,,Manual,,Gasoline,,Used,"47,000 km",,Grigio,,,,BMWS 1000 XR,,,,,121 kW (165 hp),2017-01-01,999 cc,,Grey,,,,,,"€ 11,500.-"
,,Mar-23,17306349,,Supersport,Metallic,Automatic,2,Gasoline,,Used,"49,000 km",,Nero,,,,Yamaha,,,,,32 kW (44 hp),2010-04-01,499 cc,,Black,,,,,,"€ 5,499.-"
,,,17306206,,Scooter,,Automatic,,Gasoline,,Used,"33,000 km",,Grigio,,,,YamahaMajesty 400,,,,,25 kW (34 hp),2006-04-01,395 cc,,Grey,,,,,,"€ 2,300.-"
,,,17307638,,Naked Bike,,Manual,,Gasoline,,Used,"20,000 km",,Nero,,,,HondaCBF 500,,,,,42 kW (57 hp),2005-02-01,499 cc,,Black,,,,,,"€ 2,500.-"
,,,17307628,,Naked Bike,,Manual,,Gasoline,,Used,"40,000 km",,Argento,,,,HondaCBF 500,,,,,42 kW (57 hp),2006-02-01,499 cc,,Silver,,,,,,"€ 2,300.-"
,,,17307613,,Touring Enduro,,Manual,,Gasoline,,Used,"43,000 km",,Giallo,,,,Honda,,,,,40 kW (54 hp),2000-04-01,647 cc,,Yellow,,,,,,"€ 2,900.-"
,,,17307696,,Chopper/Cruiser,,Manual,,Gasoline,,Used,"29,000 km",,Grigio,,,,Honda,,,,,32 kW (44 hp),2010-04-01,745 cc,,Grey,,,,,,"€ 4,900.-"
,,,17307724,,Supersport,,Manual,,Gasoline,,Used,"72,000 km",Yes,Bianco,,,,BMWR 1200 GS Adventure,,,,,77 kW (105 hp),2008-04-01,"1,170 cc",ABS,White,,,,,,"€ 7,600.-"
,,May-20,17307920,,Super Moto,,Manual,2,Gasoline,6,Used,"7,500 km",,Rosso,,,,Ducati,,,,,84 kW (114 hp),2020-05-01,937 cc,,Red,,,,,,"€ 10,900.-"
,,,17307919,24 months,Supersport,,Manual,2,Gasoline,6,Used,"49,700 km",Yes,Bianco,,,,BMWR 1200 GS,,,Euro 3,,92 kW (125 hp),2014-03-01,"1,170 cc",ABS,White,3,,,,,"€ 12,600.-"
,,Jun-23,17307918,24 months,Touring Enduro,,Manual,2,Gasoline,6,Used,"3,500 km",Yes,Grigio,,,,BMW,,,Euro 3,,81 kW (110 hp),2019-06-01,"1,170 cc",ABS,Grey,1,,,,,"€ 12,500.-"
,,,,,Others,,,,Gasoline,,Used,"2,000 km",,,,,,HondaCRF 450,,,,,35 kW (48 hp),2005-09-01,,,Black,,,,,,"€ 4,900.-"
,,,2103594,,Naked Bike,,,,Gasoline,,Used,"8,690 km",,Argent,,,,TriumphStreet Twin,,,,,,2018-07-01,900 cc,,Silver,,,,,,"€ 7,990.-"
,,,2103583,,Naked Bike,,,,Gasoline,,Used,"9,579 km",,Noir,,,,TriumphRocket 3 GT,,,,,,2021-04-01,"2,458 cc",,Black,,,,,,"€ 22,990.-"
,,,2103620,,Naked Bike,,,,Gasoline,,Used,"31,610 km",,Blanc,,,,KawasakiZ 1000,,,,,,2010-01-01,"1,000 cc",,White,,,,,,"€ 7,499.-"
,,,2103612,,Naked Bike,,,,Gasoline,,Used,"17,240 km",,Bordeaux,,,,HondaCB 500,,,,,,2018-07-01,500 cc,,Red,,,,,,"€ 5,299.-"
,,,17078774,,Supersport,,Manual,,Gasoline,,Used,"65,000 km",,Rosso,,,,SuzukiGS 750,,,,,92 kW (125 hp),1977-03-01,"1,600 cc",,Red,,,,,,"€ 4,250.-"
,,,2103684,,Naked Bike,,,,Gasoline,,Used,"37,370 km",,Bleu,,,,Kawasaki,,,,,,2012-05-01,650 cc,,Blue,,,,,,"€ 4,990.-"
,,,2103661,,Chopper/Cruiser,,,,Gasoline,,Used,"11,518 km",,Noir,,,,HondaCMX 500,,,,,,2019-04-01,500 cc,,Black,,,,,,"€ 5,890.-"
,,,2103649,,Naked Bike,,,,Gasoline,,Used,"7,200 km",,Noir,,,,YamahaMT-125,,,,,,2019-08-01,125 cc,,Black,,,,,,"€ 4,400.-"
,,Jul-23,S37103,,Super Moto,,,,Others,,Used,"32,556 km",,SCHWARZ,,,,YamahaXT 660,Electric Starter,,,Catalytic Converter,35 kW (48 hp),2011-05-01,660 cc,,Black,,,,,,"€ 5,689.-"
,,Jun-24,S37137,,Enduro Bike,,Manual,,Gasoline,,Used,462 km,,MARTIAN RED,,,,ApriliaTuareg,"Electric Starter
Windshield",,,Catalytic Converter,35 kW (48 hp),2022-06-01,660 cc,ABS,,,,,,,"€ 11,290.-1"
,,Jun-24,S36873,,Enduro Bike,,Manual,,Gasoline,,Used,140 km,,ACID GOLD,,,,ApriliaTuareg,"Electric Starter
Windshield",,,Catalytic Converter,59 kW (80 hp),2022-06-01,660 cc,ABS,,,,,,,"€ 11,490.-1"
,,,2103675,,Scooter,,,,Gasoline,,Used,"4,600 km",,Blanc,,,,SYM,,,,,,2014-01-01,400 cc,,White,,,,,,"€ 4,200.-"
,,,2103632,,Chopper/Cruiser,,,,Gasoline,,Used,"5,127 km",,Noir,,,,BMWR nineT,,,,,,2019-05-01,"1,200 cc",,Black,,,,,,"€ 11,490.-"
,,,2103736,,Scooter,,,,Gasoline,,Used,"7,387 km",,Gris,,,,HondaPCX 125,,,,,,2020-08-01,125 cc,,Grey,,,,,,"€ 2,690.-"
,,,155,,Others,,,,,,Used,"195,491 km",,,,,,Suzuki,,,,,,2005-02-01,,,,,,,,,"€ 1,850.-"
,,,485624,,Enduro Bike,Metallic,Manual,,Gasoline,,Used,"73,466 km",,Weissaluminium Metallic Matt,,,,BMWF 650 GS,,,,,52 kW (71 hp),2011-03-01,652 cc,,White,2,,,,,"€ 4,450.-"
,,,2103581,,Tourer,,,,Gasoline,,Used,"1,740 km",,Noir,,,,Mash,,,,,,2021-12-01,650 cc,,Black,,,,,,"€ 3,899.-"
,,,,,Others,,Manual,,Gasoline,,Used,"2,245 km",Yes,Black Smoke,,,,VictoryHigh-Ball,Electric Starter,,,Catalytic Converter,65 kW (88 hp),2018-03-01,"1,735 cc",ABS,Black,1,,,,,"€ 15,895.-"
,,New,,,Naked Bike,,Manual,,Gasoline,,Used,"14,120 km",Yes,,,,,KTM1290 Super Duke R,"Crash bar
Electric Starter",,,Catalytic Converter,127 kW (173 hp),2016-06-01,"1,301 cc",ABS,Orange,1,,,,,"€ 9,800.-"
,,Sep-22,,,Enduro Bike,,Manual,,Gasoline,,Used,"7,200 km",Yes,,,,,TriumphTiger 1200,"Crash bar
Electric Starter
Topcase
Windshield",,,Catalytic Converter,104 kW (141 hp),2020-09-01,"1,215 cc",ABS,White,1,,,,,"€ 17,490.-"
,,May-24,,,Chopper/Cruiser,,Manual,,Gasoline,,Used,"22,000 km",,,,,,Harley-DavidsonElectra Glide,"Crash bar
Electric Starter
Topcase
Windshield",,,Catalytic Converter,67 kW (91 hp),2017-03-01,"1,868 cc",ABS,Black,2,,,,,"€ 27,990.-"
,,,2103673,,Naked Bike,,,,Gasoline,,Used,350 km,,Argent,,,,KawasakiZ 650,,,,,,2021-11-01,650 cc,,Silver,,,,,,"€ 7,690.-"
,,,2103580,,Quad,,,,Gasoline,,Used,"3,330 km",,Blanc,,,,SuzukiLT-Z 400,,,,,,2014-12-01,400 cc,,White,,,,,,"€ 5,500.-"
,,,,,Scooter,,Automatic,,Gasoline,,New,0 km,,,,,,Vespa,,,,,3 kW (4 hp),,50 cc,,Red,,,,,,"€ 3,390.-1"
,,,2103582,,Tourer,,,,Gasoline,,Used,"49,018 km",,Gris,,,,YamahaFZ 6,,,,,,2004-04-01,600 cc,,Grey,,,,,,"€ 3,200.-"
,,,2103681,,Tourer,,,,Gasoline,,Used,"13,758 km",,Blanc,,,,KawasakiZ 900,,,,,,2020-03-01,900 cc,,White,,,,,,"€ 8,000.-"
,,,2103657,,Tourer,,,,Gasoline,,Used,"3,101 km",,Vert,,,,KawasakiZ 900,,,,,,2022-04-01,900 cc,,Green,,,,,,"€ 10,999.-"
,,May-23,13750,,Enduro Bike,,Manual,,Gasoline,,Used,"28,500 km",Yes,Rot,,,,Moto GuzziV 85,"Electric Starter
Topcase
Windshield",,,Catalytic Converter,59 kW (80 hp),2019-05-01,850 cc,ABS,Red,,,,,,"€ 8,990.-"
,,,2103718,,Chopper/Cruiser,,,,Gasoline,,Used,505 km,,Noir,,,,IndianScout,,,,,,2022-05-01,"1,131 cc",,Black,,,,,,"€ 14,999.-"
,,,2103595,,Naked Bike,,,,Gasoline,,Used,"2,247 km",,Noir,,,,YamahaMT-125,,,,,,2021-11-01,125 cc,,Black,,,,,,"€ 5,390.-"
,,Aug-22,,,Naked Bike,Metallic,Manual,,Gasoline,,Used,"8,400 km",Yes,Rot/schwarz,,,,HondaCB 650,Electric Starter,,,Catalytic Converter,35 kW (48 hp),2018-03-01,649 cc,ABS,,2,,,,,"€ 6,700.-"
,,Aug-22,,,Naked Bike,Metallic,Manual,,Gasoline,,Used,"8,400 km",Yes,Rot/schwarz,,,,HondaCB 650,Electric Starter,,,Catalytic Converter,66 kW (90 hp),2018-03-01,649 cc,ABS,,2,,,,,"€ 6,700.-"
,,Apr-24,,,Others,,Manual,,Gasoline,,Used,"60,239 km",,,,,,BMWR 65 LS,Electric Starter,,,,37 kW (50 hp),1983-03-01,645 cc,,Black,,,,,,"€ 5,950.-"
,,,2103696,,Naked Bike,,,,Gasoline,,Used,"17,810 km",,Rouge,,,,YamahaXSR 900,,,,,,2018-08-01,850 cc,,Red,,,,,,"€ 7,990.-"
,,,2103652,,Scooter,,,,Gasoline,,Used,"8,650 km",,Gris,,,,YamahaX-Max 125,,,,,,2020-06-01,125 cc,,Grey,,,,,,"€ 4,899.-"
,,,2103647,,Scooter,,,,Gasoline,,Used,"4,050 km",,Noir,,,,YamahaTMAX 560,,,,,,2020-09-01,560 cc,,Black,,,,,,"€ 12,599.-"
,,,2103591,,Tourer,,,,Gasoline,,Used,"8,606 km",,Noir,,,,KawasakiZ 900,,,,,,2018-04-01,900 cc,,Black,,,,,,"€ 7,799.-"
,,,2103577,,Tourer,,,,Gasoline,,Used,"1,880 km",,Noir,,,,KawasakiZ 900,,,,,,2020-06-01,900 cc,,Black,,,,,,"€ 9,299.-"
,,,,,Scooter,Metallic,Automatic,,Gasoline,,New,0 km,,,,,,VespaPrimavera 75th 125,Electric Starter,,,Catalytic Converter,8 kW (11 hp),,124 cc,ABS,Gold,,,,,,"€ 5,799.-1"
,,New,,,Scooter,,Automatic,,Gasoline,,Used,"2,450 km",Yes,Weiss Yacht Club,,,,VespaGTS 300,Electric Starter,,,,16 kW (22 hp),2018-07-01,278 cc,ABS,White,2,,,,,"€ 5,980.-"
,,,,,Scooter,Metallic,Automatic,,Gasoline,,New,0 km,,METALLIC-GELB,,,,VespaPrimavera 75th 50,"Electric Starter
Topcase",,,Catalytic Converter,2 kW (3 hp),,50 cc,,Gold,,,,,,"€ 4,380.-1"
,,,Neufahrzeug Liberty 50,,Scooter,Metallic,Automatic,,Gasoline,,New,0 km,,,,,,PiaggioLiberty 50,Electric Starter,,,Catalytic Converter,2 kW (3 hp),,50 cc,,Red,,,,,,"€ 2,649.-1"
,,,,,Scooter,,Automatic,,Gasoline,,New,0 km,,,,,,VespaSei Giorni,"Electric Starter
Kickstarter",,,,18 kW (24 hp),,278 cc,ABS,Grey,,,,,,"€ 6,919.-1"
,,,,,Scooter,Metallic,Automatic,,Gasoline,,New,0 km,,Braun Matt,,,,PiaggioMedley 125,Electric Starter,,,Catalytic Converter,11 kW (15 hp),,125 cc,ABS,Brown,,,,,,"€ 4,099.-1"
,,,,,Others,Metallic,Automatic,,Gasoline,,New,0 km,,SCHWARZ COSMO,,,,PiaggioMP3 300,Electric Starter,,,Catalytic Converter,19 kW (26 hp),,278 cc,ABS,Black,,,,,,"€ 7,299.-1"
,,,,,Scooter,Metallic,Automatic,,Gasoline,,New,0 km,,BLAU VIVACE,,,,VespaPrimavera S 50,Electric Starter,,,Catalytic Converter,2 kW (3 hp),,50 cc,,Blue,,,,,,"€ 3,899.-1"
,,,,,Scooter,Metallic,Automatic,,Gasoline,,New,0 km,,BLAU VIVACE MATT,,,,VespaGTS Super Sport 125,Electric Starter,,,Catalytic Converter,10 kW (14 hp),,125 cc,ABS,Blue,,,,,,"€ 6,099.-1"
,,,,,Scooter,Metallic,Automatic,,Gasoline,,New,0 km,,Grün Relax,,,,VespaPrimavera 50,Electric Starter,,,Catalytic Converter,2 kW (3 hp),,50 cc,,Green,,,,,,"€ 3,890.-1"
,,,,,Scooter,Metallic,,,Gasoline,,New,0 km,,,,,,VespaPrimavera Touring 125,Electric Starter,,,Catalytic Converter,8 kW (11 hp),,124 cc,ABS,Grey,,,,,,"€ 5,199.-1"
,,,,,Scooter,Metallic,Automatic,,Gasoline,,New,0 km,,,,,,VespaGTS 75th 125,Electric Starter,,,Catalytic Converter,10 kW (14 hp),,124 cc,ABS,Gold,,,,,,"€ 6,480.-1"
,,,,,Others,,Manual,,Gasoline,,New,0 km,,Aprilia Schwarz,,,,ApriliaRS 125,Electric Starter,,,Catalytic Converter,11 kW (15 hp),,124 cc,,Black,,,,,,"€ 5,290.-1"
,,,,,Scooter,,Automatic,,Gasoline,,New,0 km,,Schwarz Matt,,,,VespaPrimavera S 125,Electric Starter,,,Catalytic Converter,8 kW (11 hp),,124 cc,ABS,Black,,,,,,"€ 5,390.-1"
,,,,,Others,,Manual,,Gasoline,,New,0 km,,SCHWARZ APRILIA,,,,ApriliaTuono,Windshield,,,Catalytic Converter,11 kW (15 hp),,125 cc,ABS,Black,,,,,,"€ 4,990.-1"
,,,,,Scooter,Metallic,Automatic,,Gasoline,,New,0 km,,,,,,VespaPrimavera 125,Electric Starter,,,Catalytic Converter,8 kW (11 hp),,125 cc,ABS,Black,,,,,,"€ 4,919.-1"
,,,2103662,,Naked Bike,,,,Gasoline,,Used,"9,287 km",,Rouge,,,,DucatiStreetfighter,,,,,,2020-08-01,"1,103 cc",,Red,,,,,,"€ 21,500.-"
,,,2103656,,Enduro Bike,,,,Gasoline,,Used,"53,566 km",,Orange,,,,KTM1190 Adventure,,,,,,2014-06-01,"1,190 cc",,Orange,,,,,,"€ 7,490.-"
,,,2103602,,Naked Bike,,,,Gasoline,,Used,"34,743 km",,Noir,,,,SuzukiGSR 750,,,,,,2016-03-01,750 cc,,Black,,,,,,"€ 4,990.-"
,,,2103576,,Naked Bike,,,,Gasoline,,Used,"8,837 km",,Orange,,,,BMWR nineT,,,,,,2018-07-01,"1,200 cc",,Orange,,,,,,"€ 15,990.-"
,,,2103688,,Enduro Bike,,,,Gasoline,,Used,226 km,,Argent,,,,KTM,,,,,,2018-10-01,250 cc,,Silver,,,,,,"€ 6,799.-"
,,,2103712,,Naked Bike,,,,Gasoline,,Used,"39,516 km",,Blanc,,,,YamahaXJ 6,,,,,,2010-10-01,600 cc,,White,,,,,,"€ 3,899.-"
,,,2103677,,Naked Bike,,,,Gasoline,,Used,"4,706 km",,Bleu,,,,YamahaMT-03,,,,,,2020-05-01,320 cc,,Blue,,,,,,"€ 4,499.-"
,,,2103709,,Enduro Bike,,,,Gasoline,,Used,"32,500 km",,Argent,,,,Kawasaki,,,,,,2017-03-01,650 cc,,Silver,,,,,,"€ 6,390.-"
,,,2103704,,Naked Bike,,,,Gasoline,,Used,"40,485 km",,Argent,,,,YamahaXJ 6,,,,,,2001-01-01,600 cc,,Silver,,,,,,"€ 1,890.-"
,,,2103703,,Tourer,,,,Gasoline,,Used,"13,845 km",,Argent,,,,KawasakiW 800,,,,,,2020-10-01,800 cc,,Silver,,,,,,"€ 7,500.-"
,,Sep-24,,,Others,Metallic,Manual,,Gasoline,,Used,"1,100 km",Yes,,,,,SuzukiGSX-S 750,"Electric Starter
Windshield",,,Catalytic Converter,85 kW (116 hp),2020-09-01,750 cc,ABS,White,1,,,,,"€ 8,860.-"
,,,2103702,,Scooter,,,,Gasoline,,Used,"9,924 km",,Argent,,,,PiaggioBeverly 350,,,,,,2017-07-01,350 cc,,Silver,,,,,,"€ 4,200.-"
,,,2103699,,Scooter,,,,Gasoline,,Used,"17,404 km",,Argent,,,,KawasakiJ125,,,,,,2018-10-01,125 cc,,Silver,,,,,,"€ 3,190.-"
,,,2103697,,Super Moto,,,,Gasoline,,Used,"6,572 km",,Argent,,,,ApriliaDorsoduro,,,,,,2023-03-01,900 cc,,Silver,,,,,,"€ 8,500.-"
,,,2103694,,Naked Bike,,,,Gasoline,,Used,"6,418 km",,Noir,,,,KawasakiZ 400,,,,,,2019-03-01,400 cc,,Black,,,,,,"€ 5,250.-"
,,,2103692,,Enduro Bike,,,,Gasoline,,Used,"1,732 km",,Argent,,,,Moto GuzziV 85,,,,,,2021-08-01,850 cc,,Silver,,,,,,"€ 11,990.-"
,,,2103689,,Naked Bike,,,,Gasoline,,Used,"11,324 km",,Argent,,,,SuzukiGSX-S 1000,,,,,,2016-06-01,"1,000 cc",,Silver,,,,,,"€ 8,990.-"
,,,2103716,,Motocrosser,,,,Gasoline,,Used,135 km,,Rouge,,,,Honda,,,,,,2020-01-01,250 cc,,Red,,,,,,"€ 5,490.-"
,,,2103617,,Motocrosser,,,,Gasoline,,Used,36 km,,Bleu,,,,Yamaha,,,,,,2021-02-01,250 cc,,Blue,,,,,,"€ 6,590.-"
,,,2103664,,Tourer,,,,Gasoline,,Used,"21,394 km",,Argent,,,,YamahaXJ 6,,,,,,2014-03-01,600 cc,,Silver,,,,,,"€ 4,700.-"
,,,2103623,,Naked Bike,,,,Gasoline,,Used,"29,050 km",,Noir,,,,HondaHornet,,,,,,2010-05-01,600 cc,,Black,,,,,,"€ 3,999.-"
,,,2103608,,Enduro Bike,,,,Gasoline,,Used,"9,800 km",,Blanc,,,,KTM1190 Adventure,,,,,,2016-06-01,"1,190 cc",,White,,,,,,"€ 10,990.-"
,,,2103687,,Enduro Bike,,,,Gasoline,,Used,"3,200 km",,Rouge,,,,FanticCaballero 500,,,,,,2021-05-01,500 cc,,Red,,,,,,"€ 6,599.-"
,,Apr-23,vorlauf,,Scooter,,Automatic,,Gasoline,,Used,"18,903 km",,,,,,KymcoDowntown 125i,"Electric Starter
Topcase
Windshield",,,,11 kW (15 hp),2009-06-01,124 cc,,White,,,,,,"€ 2,490.-"
,,,2103660,,Tourer,,,,Gasoline,,Used,"13,303 km",,Argent,,,,SuzukiRV 125,,,,,,2012-08-01,125 cc,,Silver,,,,,,"€ 4,499.-"
,,,,,Chopper/Cruiser,,,,,,Used,"30,338 km",,Vivid Black / CVO Flames,,,,Harley-DavidsonSoftail,,,,,47 kW (64 hp),2005-01-01,"1,450 cc",,Black,,,,,,"€ 12,990.-1"
,,,2103690,,Chopper/Cruiser,,,,Gasoline,,Used,"29,800 km",,Noir,,,,Harley-DavidsonDyna Street Bob,,,,,,2011-05-01,"1,584 cc",,Black,,,,,,"€ 13,500.-"
,,New,,,Chopper/Cruiser,Metallic,Manual,,Gasoline,,Used,"22,000 km",Yes,,,,,KawasakiVN 1500,"Crash bar
Electric Starter
Topcase
Windshield",,,,48 kW (65 hp),2002-02-01,"1,500 cc",,Red,,,,,,"€ 7,995.-"
,,,2103588,,Enduro Bike,,,,Gasoline,,Used,"8,000 km",,Noir,,,,YamahaXTZ 1200,,,,,,2019-02-01,"1,200 cc",,Black,,,,,,"€ 12,990.-"
,,,2103655,,Naked Bike,,,,Gasoline,,Used,"35,431 km",,Rouge,,,,YamahaFZS 600,,,,,,2002-08-01,600 cc,,Red,,,,,,"€ 1,900.-"
,,,2103644,,Naked Bike,,,,Gasoline,,Used,"2,162 km",,Rouge,,,,DucatiStreetfighter,,,,,,2021-04-01,"1,100 cc",,Red,,,,,,"€ 21,500.-"
,,,2103606,,Naked Bike,,,,Gasoline,,Used,"2,878 km",,Gris,,,,Ducati,,,,,,2021-04-01,937 cc,,Grey,,,,,,"€ 11,100.-"
,,,2103626,,Supersport,,,,Gasoline,,Used,"1,980 km",,Bleu,,,,YamahaYZF-R125,,,,,,2014-05-01,125 cc,,Blue,,,,,,"€ 4,490.-"
,,,2103590,,Chopper/Cruiser,,,,Gasoline,,Used,"45,250 km",,Blanc,,,,YamahaXVS 1300,,,,,,1998-10-01,"1,300 cc",,White,,,,,,"€ 4,990.-"
,,,2103599,,Enduro Bike,,,,Gasoline,,Used,282 km,,Blanc,,,,KTM350 EXC,,,,,,2021-10-01,350 cc,,White,,,,,,"€ 9,200.-"
,,,2103584,,Motocrosser,,,,Gasoline,,Used,25 km,,Orange,,,,KTM350 SX,,,,,,2022-01-01,350 cc,,Orange,,,,,,"€ 7,900.-"
,,,Roller 125 Blau,,Scooter,,Automatic,,Gasoline,,New,6 km,,,,,,HondaForza 125,"Electric Starter
Topcase
Windshield",,,Catalytic Converter,11 kW (15 hp),,125 cc,ABS,Blue,,,,,,"€ 5,799.-1"
,,,,,Scooter,,Automatic,,,,New,1 km,,MAT GALAXY BLACK,,,,HondaPCX 125,Electric Starter,,,Catalytic Converter,9 kW (12 hp),,125 cc,ABS,Black,,,,,,"€ 3,699.-1"
,,New,SH MODE,,Scooter,Metallic,Automatic,,Gasoline,,Used,1 km,Yes,Candy Noble Red,,,,HondaSH Mode,Electric Starter,,,Catalytic Converter,84 kW (114 hp),2022-06-01,125 cc,,Red,,,,,,"€ 2,940.-1"
,,New,Vision 110,,Scooter,Metallic,Automatic,,Gasoline,,Used,1 km,Yes,Poseidon Black Metallic,,,,HondaVision 110,Electric Starter,,,Catalytic Converter,64 kW (87 hp),2022-06-01,109 cc,,Black,,,,,,"€ 2,740.-"
,,,M01492,,Tourer,,Manual,,Gasoline,,Used,"20,176 km",,,,,,YamahaFJR 1300,"Electric Starter
Topcase
Windshield",,,,108 kW (147 hp),2017-07-01,"1,300 cc",ABS,Silver,,,,,,"€ 13,490.-"
,,,M00342,,Tourer,,Manual,,Gasoline,,Used,"22,830 km",,,,,,YamahaXJ 6,Electric Starter,,,,57 kW (77 hp),2009-03-01,600 cc,ABS,Blue,,,,,,"€ 3,690.-"
,,,M00084,,Tourer,,Manual,,Gasoline,,Used,"6,303 km",,,,,,HondaNC 750,"Crash bar
Electric Starter",,,,40 kW (54 hp),2018-04-01,750 cc,ABS,Black,,,,,,"€ 7,290.-"
,,,M01417,,Tourer,,Manual,,Gasoline,,Used,"24,255 km",,,,,,YamahaFJR 1300,"Electric Starter
Topcase
Windshield",,,,108 kW (147 hp),2017-05-01,"1,300 cc",ABS,Silver,,,,,,"€ 13,890.-"
,,,M03345,,Supersport,,Manual,,Gasoline,,Used,"18,001 km",,,,,,Ducati959 Panigale,,,,,110 kW (150 hp),2015-05-01,959 cc,ABS,Red,,,,,,"€ 12,690.-"
,,,M00780,,Naked Bike,,Manual,,Gasoline,,Used,"13,285 km",,Blau / schwarz,,,,SuzukiGSX-S 1000,Electric Starter,,,,110 kW (150 hp),2017-04-01,"1,000 cc",ABS,,,,,,,"€ 9,390.-"
,,Jun-24,L65699,,Scooter,,Automatic,,Gasoline,,Used,"36,329 km",,GRAU,,,,PiaggioMP3 500,"Electric Starter
Windshield",,,Catalytic Converter,30 kW (41 hp),2016-09-01,493 cc,ABS,Grey,,,,,,"€ 6,389.-"
,,,L66054,,Naked Bike,,Manual,,Gasoline,,New,0 km,,GELB,,,,DucatiStreetfighter,Electric Starter,,,Catalytic Converter,153 kW (208 hp),,"1,103 cc",ABS,Yellow,,,,,,"€ 29,989.-1"
,,Apr-24,L65565,,Naked Bike,,Manual,,Gasoline,,Used,"28,258 km",,SCHWARZ,,,,TriumphStreet Triple 675,"Electric Starter
Windshield",,,Catalytic Converter,78 kW (106 hp),2007-10-01,675 cc,,Black,,,,,,"€ 4,989.-"
,,Jun-23,L64597,,Naked Bike,,Manual,,Gasoline,,Used,"13,768 km",,ORANGE,,,,KTM1290 Super Duke R,Electric Starter,,,Catalytic Converter,127 kW (173 hp),2015-05-01,"1,301 cc",ABS,,,,,,,"€ 12,689.-"
,,Jul-23,L51503,,Scooter,,Automatic,,Gasoline,,Used,"9,437 km",,WEISS,,,,PiaggioMP3 500,"Electric Starter
Windshield",,,Catalytic Converter,30 kW (41 hp),2015-08-01,493 cc,ABS,,,,,,,"€ 6,979.-"
,,Apr-24,L63950,,Sport touring,,Manual,,Gasoline,,Used,"24,911 km",,BLAU,,,,YamahaFZS 1000,"Electric Starter
Windshield",,,,105 kW (143 hp),2001-03-01,998 cc,,Blue,,,,,,"€ 4,289.-"
,,Sep-22,L65968,,Scooter,,Automatic,,Gasoline,,Used,"23,671 km",,BLAU,,,,Others,Electric Starter,,,,9 kW (12 hp),2002-04-01,124 cc,,Blue,,,,,,€ 450.-
,,Jun-24,L65034,,Tourer,,Manual,,Gasoline,,Used,"32,101 km",,GRAU,,,,HondaCBF 600,"Electric Starter
Windshield",,,Catalytic Converter,57 kW (77 hp),2008-04-01,599 cc,ABS,Grey,,,,,,"€ 3,689.-"
,,Jun-24,L55136,,Scooter,,Automatic,,Gasoline,,Used,"2,443 km",,WEISS,,,,YamahaNMAX,"Electric Starter
Windshield",,,Catalytic Converter,9 kW (12 hp),2020-05-01,125 cc,ABS,,,,,,,"€ 3,989.-1"
,,Jun-24,L38553,,Naked Bike,,Manual,,Gasoline,,Used,"17,784 km",,ROT,,,,DucatiMonster 1200,Electric Starter,,,Catalytic Converter,101 kW (137 hp),2013-12-01,"1,198 cc",ABS,Red,,,,,,"€ 11,989.-"
,,May-24,L65479,,Chopper/Cruiser,,Manual,,Gasoline,,Used,"11,906 km",,GRAU,,,,Harley-DavidsonSoftail Slim,Electric Starter,,,Catalytic Converter,68 kW (92 hp),2016-11-01,"1,801 cc",ABS,Grey,,,,,,"€ 24,989.-"
,,Jun-24,L42068,,Scooter,,Automatic,,Gasoline,,Used,"3,493 km",,PEARL SPLENDOR RED,,,,HondaSH 300,"Electric Starter
Windshield",,,Catalytic Converter,19 kW (26 hp),2017-03-01,279 cc,ABS,,,,,,,"€ 4,489.-"
,,Sep-23,L65411,,Enduro Bike,,Automatic,,Gasoline,,Used,"22,618 km",,SCHWARZ WEIß,,,,HondaVFR 1200,"Crash bar
Electric Starter
Topcase
Windshield",,,Catalytic Converter,95 kW (129 hp),2015-08-01,"1,237 cc",ABS,,,,,,,"€ 11,489.-"
,,Jun-23,L65768,,Naked Bike,,Manual,,Gasoline,,Used,"15,415 km",,SCHWARZ,,,,BMWR nineT,Electric Starter,,,Catalytic Converter,81 kW (110 hp),2017-06-01,"1,170 cc",ABS,Black,,,,,,"€ 12,989.-"
,,Jun-24,L58533,,Enduro Bike,,Manual,,Gasoline,,Used,"20,996 km",,GRAU,,,,BMWR 1200 GS LC,"Electric Starter
Topcase
Windshield",,,Catalytic Converter,92 kW (125 hp),2017-03-01,"1,170 cc",ABS,Grey,,,,,,"€ 17,489.-"
,,,L66051,,Enduro Bike,,Manual,,Gasoline,,Used,0 km,,ROT FOLIERT,,,,DucatiMultistrada V4 S,Electric Starter,,,Catalytic Converter,125 kW (170 hp),2022-01-01,"1,158 cc",ABS,,,,,,,"€ 23,535.-1"
,,Jun-24,L48363,,Naked Bike,,Manual,,Gasoline,,Used,"5,806 km",,SCHWARZ,,,,DucatiDiavel,"Electric Starter
Windshield",,,Catalytic Converter,114 kW (155 hp),2015-05-01,"1,198 cc",ABS,Black,,,,,,"€ 14,489.-"
,,,L66053,,Naked Bike,,Manual,,Gasoline,,New,0 km,,OLIVGRÜN,,,,DucatiStreetfighter,Electric Starter,,,Catalytic Converter,153 kW (208 hp),,"1,103 cc",ABS,,,,,,,"€ 29,989.-1"
,,Jun-24,L65650,,Scooter,,Automatic,,Gasoline,,Used,"11,535 km",,SCHWARZ,,,,BMWC 650 GT,"Electric Starter
Windshield",,,Catalytic Converter,44 kW (60 hp),2012-07-01,647 cc,ABS,Black,,,,,,"€ 7,489.-"
,,,2103566,,Enduro Bike,,,,Gasoline,,Used,"10,900 km",,Noir,,,,Kawasaki,,,,,,2020-10-01,"1,043 cc",,Black,,,,,,"€ 14,990.-"
,,,2103565,,Enduro Bike,,,,Gasoline,,Used,"5,200 km",,Noir,,,,Yamaha,,,,,,2020-01-01,689 cc,,Black,,,,,,"€ 7,990.-"
,,,2103564,,Supersport,,,,Gasoline,,Used,"5,400 km",,Vert,,,,Kawasaki,,,,,,2017-07-01,649 cc,,Green,,,,,,"€ 6,990.-"
,,,,,Quad,,Automatic,,Gasoline,,New,1 km,,,,,,CF MotoUForce 800,Electric Starter,,,,48 kW (65 hp),,800 cc,,Silver,,,,,,"€ 19,990.-1"
,,,Z448391,,Supersport,,Manual,,Gasoline,,Used,"25,460 km",Yes,RACINGRED UNI,,,,BMWS 1000 XR,"Electric Starter
Windshield",0005/000,,Catalytic Converter,118 kW (160 hp),2015-10-01,999 cc,ABS,Red,1,,,,,"€ 11,890.-"
,,,2103706,,Naked Bike,,,,Gasoline,,Used,"11,100 km",,Bleu,,,,YamahaMT-07,,,,,,2021-04-01,695 cc,,Blue,,,,,,"€ 7,290.-"
,,,2103629,,Naked Bike,,,,Gasoline,,Used,"4,300 km",,Rouge,,,,Moto GuzziV 7,,,,,,2021-01-01,750 cc,,Red,,,,,,"€ 8,190.-"
,,,2103625,,Enduro Bike,,,,Gasoline,,Used,"63,000 km",,Blanc,,,,KawasakiVersys 1000,,,,,,2013-04-01,"1,000 cc",,White,,,,,,"€ 5,990.-"
,,,2103670,,Super Moto,,,,Gasoline,,Used,"1,600 km",,Rouge,,,,Fantic,,,,,,2021-05-01,125 cc,,Red,,,,,,"€ 4,990.-"
,,,2103708,,Naked Bike,,,,Gasoline,,Used,"5,699 km",,Blanc,,,,KawasakiZ 900,,,,,,2019-10-01,900 cc,,White,,,,,,"€ 8,990.-"
,,New,#B021753,,Sport touring,,Manual,,Gasoline,,Used,"18,322 km",,,,,,DucatiMultistrada 1200,"Electric Starter
Topcase",,,Catalytic Converter,112 kW (152 hp),2017-06-01,"1,200 cc",ABS,Red,1,,,,,"€ 15,990.-"
,,,2103432,,Naked Bike,,,,Gasoline,,Used,"34,736 km",,Noir,,,,YamahaMT-10,,,,,,2016-06-01,"1,000 cc",,Black,,,,,,"€ 9,500.-"
,,,2051647,,Tourer,,,,Gasoline,,Used,352 km,,Bordeaux,,,,Royal EnfieldInterceptor,,,,,,2022-06-01,650 cc,,Red,,,,,,"€ 6,599.-"
,,,2010647,,Chopper/Cruiser,,,,Gasoline,,Used,252 km,,Rouge,,,,Royal EnfieldContinental GT,,,,,,2022-05-01,650 cc,,Red,,,,,,"€ 6,799.-"
,,,2103640,,Naked Bike,,,,Gasoline,,Used,"3,305 km",,GRIS,,,,YamahaMT-125,,,,,,2015-06-01,125 cc,,Grey,,,,,,"€ 3,290.-"
,,,2103639,,Naked Bike,,,,Gasoline,,Used,"13,717 km",,GRIS,,,,HondaCB 650,,,,,,2020-07-01,650 cc,,Grey,,,,,,"€ 6,900.-"
,,,2103638,,Chopper/Cruiser,,,,Gasoline,,Used,"2,968 km",,VERT,,,,IndianScout,,,,,,2017-09-01,"1,133 cc",,Green,,,,,,"€ 12,990.-"
,,,2103725,,Tourer,,,,Gasoline,,Used,"21,090 km",,BLEU,,,,SuzukiXF 650,,,,,,2011-06-01,650 cc,,Blue,,,,,,"€ 4,490.-"
,,,2103637,,Naked Bike,,,,Gasoline,,Used,"11,825 km",,BLEU,,,,SuzukiSV 650,,,,,,2016-10-01,650 cc,,Blue,,,,,,"€ 4,700.-"
,,,2103721,,Scooter,,,,Gasoline,,Used,"28,280 km",,NOIR,,,,TriumphBonneville T120,,,,,,2016-06-01,"1,200 cc",,Black,,,,,,"€ 9,990.-"
,,,2103724,,Scooter,,,,Gasoline,,Used,"3,580 km",,NOIR,,,,Kawasaki,,,,,,2020-01-01,125 cc,,Black,,,,,,"€ 3,490.-"
,,,2103636,,Enduro Bike,,,,Gasoline,,Used,"57,092 km",,GRIS,,,,YamahaTDM 850,,,,,,2000-03-01,850 cc,,Grey,,,,,,"€ 2,850.-"
,,,2103722,,Naked Bike,,,,Gasoline,,Used,"46,575 km",,BLANC,,,,HondaCTX 1300,,,,,,2014-02-01,"1,300 cc",,White,,,,,,"€ 7,990.-"
,,,2103635,,Naked Bike,,,,Gasoline,,Used,"45,990 km",,BLEU,,,,KawasakiZ 750,,,,,,2005-08-01,750 cc,,Blue,,,,,,"€ 3,250.-"
,,,2103634,,Supersport,,,,Gasoline,,Used,"18,447 km",,BLANC,,,,SuzukiGSX 1300,,,,,,2021-12-01,"1,300 cc",,White,,,,,,"€ 14,900.-"
,,,2103720,,Tourer,,,,Gasoline,,Used,"24,430 km",,Gris,,,,BMWR 1200 RT,,,,,,2011-05-01,"1,200 cc",,Grey,,,,,,"€ 9,290.-"
,,,2103719,,Naked Bike,,,,Gasoline,,Used,"4,940 km",,BLEU,,,,HondaHornet,,,,,,2013-08-01,600 cc,,Blue,,,,,,"€ 5,490.-"
,,,,,Others,,,,Gasoline,,Used,"37,000 km",,,,,,YamahaFZ 6,"Cover panel
Electric Starter
Topcase",,,,72 kW (98 hp),2006-06-01,,"ABS
Alarm system",Black,,,,,,"€ 1,800.-"
,,Jul-23,,,Enduro Bike,Metallic,Manual,2,Gasoline,6,Used,"102,833 km",,,,Apr-22,,BMWR 1150 GS,"Cover panel
Electric Starter
Windshield",,,Catalytic Converter,83 kW (113 hp),2001-04-01,"1,150 cc",,Silver,1,,,MP3,,"€ 5,900.-"
,,,,,Others,,,,Gasoline,,Used,"31,000 km",,,,,,HondaSH 125,,,,,7 kW (10 hp),2014-06-01,,,Black,,,,,,"€ 2,100.-"
,,,,,Scooter,Metallic,Automatic,1,Two Stroke Gasoline,,Used,"4,600 km",Yes,,,,,VespaLX 50,"Electric Starter
Kickstarter
Topcase",,,,3 kW (4 hp),2009-04-01,50 cc,,,1,,,,,"€ 1,999.-"
,,,17306014,,Scooter,Metallic,Manual,,Gasoline,,Used,"64,000 km",,Nero,,,,MBKSkyliner 250,,,,,15 kW (20 hp),2003-05-01,250 cc,,Black,,,,,,"€ 1,200.-"
,,New,STD-TOM220036,12 months,Streetfighter,,,,Gasoline,,Used,"10,375 km",,Nero,,,,YamahaXJR 1300,,,Euro 3,,72 kW (98 hp),2015-11-01,"1,300 cc",,,1,Italy,,,,"€ 7,490.-"
,,New,BRG-TOM220144,12 months,Super Moto,,,,Gasoline,,Used,"56,694 km",,Rosso,,,,ApriliaDorsoduro,,,Euro 3,,34 kW (46 hp),2009-01-01,750 cc,,,3,Italy,,,,"€ 6,280.-"
,,,17306803,,Supersport,,Manual,,Gasoline,,Used,"8,200 km",,Rosso,,,,Ducati996,,,,,96 kW (131 hp),2001-04-01,996 cc,,Red,,,,,,"€ 37,000.-"
,,,,,Others,,Manual,2,Gasoline,6,Used,"22,200 km",Yes,,,,,DucatiMonster 695,,,,,52 kW (71 hp),2007-12-01,695 cc,,Red,1,,,,,"€ 3,200.-"
,,,17307831,,Supersport,,Manual,,Gasoline,,Used,"6,200 km",,Blu,,,,BMWS 1000 XR,,,,,121 kW (165 hp),2021-12-01,"1,000 cc",ABS,Blue,,,,,,"€ 19,900.-"
,,,,,Others,,,,Gasoline,,Used,"30,000 km",,,,Jun-22,,HondaHornet,,,,,600 kW (816 hp),2000-06-01,,,Black,,,,,,"€ 2,000.-"
,Feb-22,Aug-23,,,Others,Metallic,,,Gasoline,,Used,"33,000 km",,,,Feb-22,,GileraRunner 125,,,,,11 kW (15 hp),2003-04-01,,,Brown,,,,,,"€ 1,300.-"
,,Jan-22,,,Scooter,,Automatic,,Gasoline,,Used,"5,800 km",,,,May-21,,ApriliaSR 50,"Electric Starter
Kickstarter",,,,3 kW (4 hp),2017-06-01,,,White,,,,,,"€ 1,300.-"
,,Jul-23,,,Others,,,,Gasoline,,Used,"20,300 km",,,,,,KawasakiNinja ZX-10R,,,,,129 kW (175 hp),2005-07-01,,,Green,,,,,,"€ 6,000.-"
,May-20,,,,Others,,,,Gasoline,,Used,"21,000 km",,,,May-22,,PiaggioLiberty 125,,,,,7 kW (10 hp),2010-08-01,,,White,,,,,,"€ 1,100.-"
,,,,,Quad,,Automatic,,Gasoline,,Used,"4,250 km",Yes,,,Mar-22,,Can AmRenegade,,,,,70 kW (95 hp),2014-07-01,,,,2,,,,,"€ 10,500.-"
220 kg,,,,,Others,Metallic,Manual,3,Gasoline,,Used,"30,000 km",,,,Jan-22,,BenelliCafe Racer,,,,,99 kW (135 hp),2006-11-01,"1,130 cc",,Gold,,,,,,"€ 8,000.-"
,,,,,Others,,,,Gasoline,,Used,"23,300 km",,,,,,PiaggioApe,,,Euro 2,,2 kW (3 hp),2008-01-01,50 cc,,Red,,,,,,"€ 2,500.-"
,,Apr-23,,,Naked Bike,Metallic,Manual,4,Gasoline,6,Used,"15,800 km",Yes,,,May-17,,SuzukiGSR 750,"Crash bar
Electric Starter
Windshield",,,,78 kW (106 hp),2011-04-01,749 cc,Immobilizer,Red,3,,,,,"€ 5,800.-1"
,,,,,Chopper/Cruiser,Metallic,,,Gasoline,,Used,"45,500 km",,,,,,KawasakiVN 800,,,,,41 kW (56 hp),1999-06-01,,,Green,2,,,,,"€ 5,700.-"
,,,,,Touring Enduro,Metallic,Manual,,Gasoline,6,Used,"31,000 km",Yes,,,Mar-22,,BMWR 1200 GS Adventure,"Crash bar
Cruise control
Hot bar end
Topcase
Windshield",,,Catalytic Converter,92 kW (125 hp),2016-09-01,,"ABS
Alarm system
Traction control",Black,,,,,,"€ 16,750.-"
,,Jun-23,,,Others,,,,Gasoline,,Used,"10,000 km",,,,,,BMWF 650 GS,,,,,37 kW (50 hp),2002-06-01,,,Blue,,,,,,"€ 2,850.-"
,,Oct-22,,,Scooter,Metallic,Automatic,1,Gasoline,,Used,"54,800 km",,,,,,HondaCN 250,"Electric Starter
Topcase
Windshield",,,,13 kW (18 hp),1994-07-01,250 cc,,Brown,,,4 l/100 km (comb.),,,"€ 1,100.-"
,,,,,Naked Bike,,Manual,,Gasoline,,New,,,,,,,BenelliLeoncino,Electric Starter,,,Catalytic Converter,56 kW (76 hp),,800 cc,ABS,Green,,,,,,"€ 7,999.-1"
,,Sep-23,,,Quad,,Automatic,,Gasoline,,Used,"2,550 km",Yes,,,,,TGBBlade 1000,"Electric Starter
Topcase",,,,62 kW (84 hp),2019-07-01,"1,000 cc",,Blue,,,,,,"€ 10,695.-"
,,,,,Moped,,Manual,,Gasoline,,New,,,Grün + weiß +grau,,,,BenelliLeoncino,Electric Starter,,,,9 kW (12 hp),,125 cc,,Green,,,,,,"€ 3,199.-1"
,,,,,Moped,,Manual,,Gasoline,,New,,,Flash green,,,,BenelliBN 125,Electric Starter,,,,8 kW (11 hp),,125 cc,,Green,,,,,,"€ 2,499.-1"
380 kg,,,,,Touring Enduro,,Manual,6,Gasoline,5,Used,"178,060 km",,,,May-22,,HondaGL 1500,"Crash bar
Cruise control
Topcase
Windshield",,,,78 kW (106 hp),1996-10-01,"1,500 cc",Immobilizer,Violet,1,,,"MP3
Radio",,"€ 6,000.-"
224 kg,,Nov-22,,,Naked Bike,Metallic,Manual,2,Gasoline,6,Used,"4,892 km",Yes,,,Jun-22,,TriumphScrambler,"Crash bar
Cruise control
Electric Starter
Hot bar end",,Euro 4,Catalytic Converter,66 kW (90 hp),2020-11-01,"1,200 cc","ABS
Traction control",Green,1,,4.6 l/100 km (comb.),"Bluetooth
MP3",,"€ 13,880.-"
229 kg,,Jun-22,,,Chopper/Cruiser,,Manual,2,Gasoline,5,Used,"45,420 km",,Creme,,Mar-20,,HondaVT 750,"Cover panel
Crash bar
Electric Starter
Windshield",,Euro 3,,33 kW (45 hp),2000-06-01,749 cc,,Green,1,,,,,"€ 3,500.-"
,,Jun-24,,,Tourer,,Manual,1,Gasoline,5,Used,"11,500 km",,,,,,MZETZ 251,"Kickstarter
Windshield",,,,15 kW (20 hp),1990-06-01,250 cc,,Black,,,,,,"€ 4,700.-"
,,,,,Scooter,,Automatic,,Gasoline,,Used,"15,500 km",,,,,,YamahaTMAX 530,,,Euro 3,,34 kW (46 hp),2012-07-01,530 cc,,Grey,1,,,,,"€ 7,500.-"
,,,1207053,60 months,Enduro Bike,,Automatic,,Gasoline,6,Used,"2,900 km",,,2,,,Honda,"Cover panel
Crash bar
Electric Starter
Topcase
Windshield",,Euro 6,,75 kW (102 hp),2021-05-01,"1,084 cc","ABS
Alarm system",White,1,,,,,"€ 17,500.-"
,,,1207035,,Supersport,,Manual,,Gasoline,1,Used,"10,600 km",,Blu,2,,,BMWK 1200 RS,"Cover panel
Electric Starter
Topcase",,Euro 1,Catalytic Converter,96 kW (131 hp),2001-08-01,"1,171 cc",,Blue,1,,,,,"€ 5,800.-"
,,,1207063,,Chopper/Cruiser,,Manual,,Gasoline,6,Used,"23,500 km",,,2,,,Moto Guzzi1100 Sport,,,,,66 kW (90 hp),1998-01-01,"1,064 cc",,Black,2,,,,,"€ 25,000.-"
,,,1207047,,Supersport,,Manual,,Gasoline,6,Used,"14,300 km",,,2,,,Ducati916,Electric Starter,,,,80 kW (109 hp),1995-05-01,916 cc,,Red,4,,,,,"€ 35,000.-"
,,,1207060,,Touring Enduro,Metallic,Manual,,Gasoline,1,Used,"48,000 km",,,2,,,SuzukiBandit 1200,,,Euro 1,,72 kW (98 hp),2000-10-01,"1,157 cc",,Black,,,,,,"€ 6,000.-"
,,,1207071,,Others,,Manual,,Diesel,,Used,"17,600 km",,,,,,Piaggio,Electric Starter,,,Catalytic Converter,7 kW (10 hp),2010-08-01,422 cc,,White,3,,,,,"€ 18,000.-"
,,,1207034,,Naked Bike,,Manual,,Gasoline,6,Used,"35,589 km",,,2,,,KawasakiZ 750,"Cover panel
Electric Starter",,Euro 3,Catalytic Converter,78 kW (106 hp),2007-07-01,748 cc,Alarm system,Black,3,,,,,"€ 4,000.-"
,,,1207032,,Enduro Bike,,Manual,,Gasoline,4,Used,"18,736 km",,,2,,,Ducati,Kickstarter,,,,12 kW (16 hp),1977-05-01,340 cc,,Red,2,,,,,"€ 7,000.-"
177 kg,,Oct-23,,,Naked Bike,,Manual,1,Gasoline,5,Used,"67,633 km",,,,Oct-21,,HondaXBR 500,Kickstarter,,,,32 kW (44 hp),1986-04-01,498 cc,,Blue,,,5 l/100 km (comb.),,,€ 600.-
,,Jun-21,,,Others,,,,Gasoline,,Used,"33,000 km",,,,Apr-21,,TriumphSpeed Triple R,,,,,103 kW (140 hp),2014-04-01,,,White,,,,,,"€ 7,200.-"
,,,,,Supersport,,Manual,4,Gasoline,6,Used,"35,000 km",,,,,,SuzukiGSX-R 750,Electric Starter,,,,110 kW (150 hp),2011-03-01,750 cc,,White,2,,,,,"€ 7,200.-"
150 kg,,,,,Scooter,Metallic,Automatic,,Gasoline,,Used,"13,683 km",,,,,,VespaGTV 250,"Crash bar
Electric Starter",,,,15 kW (20 hp),2008-08-01,244 cc,,Green,1,,,,,"€ 4,800.-"
153 kg,,Oct-22,,,Scooter,Metallic,Automatic,1,Gasoline,,Used,"38,400 km",,,,,,KymcoYager GT,Electric Starter,,Euro 3,,9 kW (12 hp),2007-08-01,125 cc,,Silver,3,,,,,€ 799.-1
,,,,,Others,Metallic,,,Gasoline,,Used,"26,000 km",,,,,,HondaCB 750 four,,,,,49 kW (67 hp),1972-06-01,436 cc,,Gold,,,,,,"€ 10,500.-"
120 kg,,May-24,,,Naked Bike,,,2,Gasoline,6,Used,"37,000 km",,,,May-22,,KTM990 Super Duke,,,,,96 kW (131 hp),2008-01-01,999 cc,,,2,,,,,"€ 4,800.-"
,,Jan-22,,,Others,,,,Gasoline,,Used,"26,000 km",,,,Jul-21,,HondaVFR 400,,,,,43 kW (58 hp),1989-06-01,,,Black,,,,,,"€ 2,500.-"
,,,,,Others,,,,Gasoline,,Used,"38,000 km",,,,,,YamahaXJ 600,,,,,48 kW (65 hp),1998-06-01,,,White,,,,,,"€ 1,450.-"
,,,,,Sport touring,Metallic,Manual,2,Gasoline,6,Used,"35,000 km",Yes,,,,,BMWF 800 GT,"Cover panel
Crash bar
Electric Starter
Hot bar end
Topcase
Windshield",,,,35 kW (48 hp),2017-06-01,798 cc,"ABS
Alarm system
Immobilizer",Blue,,,4.3 l/100 km (comb.),,,"€ 9,500.-"
250 kg,,Apr-24,,,Others,,Manual,2,Gasoline,5,Used,"32,248 km",,,,Apr-22,,YamahaXV 535,Electric Starter,,,,37 kW (50 hp),2001-06-01,535 cc,,Red,,,,,,"€ 2,490.-"
,,,,,Supersport,,Manual,4,Gasoline,6,Used,"62,000 km",,,,,,YamahaYZF-R6,,,,,88 kW (120 hp),2003-07-01,599 cc,,White,2,,,,,"€ 1,500.-"
,,Jun-23,,,Scooter,Metallic,Automatic,,Gasoline,,Used,980 km,Yes,,,Jun-22,,VespaGTS 300,Topcase,,,,16 kW (22 hp),2016-06-01,278 cc,"ABS
Immobilizer",Blue,1,,,,,"€ 4,900.-"
,,,,,Others,,Manual,,Gasoline,,Used,"2,500 km",,,,,,IndianScout,,,,,70 kW (95 hp),2020-07-01,"1,133 cc",,Blue,,,,,,"€ 13,500.-"
,,,,,Naked Bike,Metallic,,,Gasoline,,Used,"5,500 km",,,,,,YamahaMT-09,,,Euro 5,,87 kW (118 hp),2021-05-01,890 cc,,Silver,1,,,,,"€ 9,200.-"
,,,220837,,Scooter,,Automatic,,Electric,,Used,250 km,,GRIS,2,,,SilenceS01,,,,,,2022-05-01,125 cc,,Grey,,,,,0 g/km (comb.),"€ 8,290.-"
,,,220675,,Scooter,,Automatic,,Electric,,Used,10 km,,VERT,2,,,SilenceS01,,,,,,2022-05-01,125 cc,,Green,,,,,0 g/km (comb.),"€ 7,290.-"
,,,,,Others,,Manual,,Gasoline,6,Used,"67,000 km",,,,,,BMWR 1200 GS,"Cover panel
Crash bar
Cruise control
Electric Starter
Hot bar end
Topcase",,,Sport suspension,79 kW (107 hp),2014-07-01,,"ABS
Immobilizer
Traction control",Silver,2,,,,,"€ 11,250.-"
,,,220674,,Scooter,,Automatic,,Electric,,Used,10 km,,VERT,2,,,SilenceS01,,,,,,2022-05-01,125 cc,,Green,,,,,0 g/km (comb.),"€ 7,290.-"
,,,220672,,Scooter,,Automatic,,Electric,,Used,10 km,,VERT,2,,,SilenceS01,,,,,,2022-05-01,125 cc,,Green,,,,,0 g/km (comb.),"€ 7,290.-"
,,,220669,,Scooter,,Automatic,,Electric,,Used,10 km,,NOIR,2,,,SilenceS01,,,,,,2022-05-01,125 cc,,Black,,,,,0 g/km (comb.),"€ 7,290.-"
,,,220667,,Scooter,,Automatic,,Electric,,Used,10 km,,NOIR,2,,,SilenceS01,,,,,,2022-06-01,125 cc,,Black,,,,,0 g/km (comb.),"€ 7,290.-"
,,,220666,,Scooter,,Automatic,,Electric,,Used,10 km,,NOIR,2,,,SilenceS01,,,,,,2022-05-01,125 cc,,Black,,,,,0 g/km (comb.),"€ 7,290.-"
,,,220665,,Scooter,,Automatic,,Electric,,Used,10 km,,NOIR,2,,,SilenceS01,,,,,,2022-05-01,125 cc,,Black,,,,,0 g/km (comb.),"€ 7,290.-"
,,,220664,,Scooter,,Automatic,,Electric,,Used,10 km,,BLANC,2,,,SilenceS01,,,,,,2022-05-01,125 cc,,White,,,,,0 g/km (comb.),"€ 7,290.-"
,,,220663,,Scooter,,Automatic,,Electric,,Used,10 km,,BLANC,2,,,SilenceS01,,,,,,2022-05-01,125 cc,,White,,,,,0 g/km (comb.),"€ 7,290.-"
,,,220662,,Scooter,,Automatic,,Electric,,Used,10 km,,BLANC,2,,,SilenceS01,,,,,,2022-05-01,125 cc,,White,,,,,0 g/km (comb.),"€ 7,290.-"
,,,220661,,Scooter,,Automatic,,Electric,,Used,10 km,,BLANC,2,,,SilenceS01,,,,,,2022-05-01,125 cc,,White,,,,,0 g/km (comb.),"€ 7,290.-"
,,,220651,,Scooter,,Automatic,,Electric,,Used,10 km,,BLANC,2,,,SilenceS01,,,,,,2022-05-01,125 cc,,White,,,,,0 g/km (comb.),"€ 7,290.-"
,,,199749,,Scooter,,Automatic,,Electric,,Used,200 km,,BLANC,2,,,SilenceS01,,,,,,2022-01-01,125 cc,,White,,,,,0 g/km (comb.),"€ 6,190.-"
,,,199744,,Scooter,,Automatic,,Electric,,Used,10 km,,VERT,2,,,SilenceS01,,,,,,2022-05-01,125 cc,,Green,,,,,0 g/km (comb.),"€ 6,790.-"
,,,199741,,Scooter,,Automatic,,Electric,,Used,10 km,,NOIR,2,,,SilenceS01,,,,,,2022-06-01,125 cc,,Black,,,,,0 g/km (comb.),"€ 6,790.-"
,,,199737,,Scooter,,Automatic,,Electric,,Used,10 km,,NOIR,2,,,SilenceS01,,,,,,2022-06-01,125 cc,,Black,,,,,0 g/km (comb.),"€ 6,790.-"
,,,199723,,Scooter,,Automatic,,Electric,,Used,10 km,,BLANC,2,,,SilenceS01,,,,,,2022-05-01,125 cc,,White,,,,,0 g/km (comb.),"€ 7,290.-"
,,,,,Others,,,,Gasoline,,Used,"24,309 km",,,,,,SuzukiGSX-R 600,,,,,85 kW (116 hp),2002-02-01,,,Blue,,,,,,"€ 2,750.-"
,,,,,Others,,,,Gasoline,,Used,"5,000 km",Yes,,,,,KymcoDowntown 125i,"Cover panel
Electric Starter
Windshield",,,,10 kW (14 hp),2020-06-01,,"ABS
Traction control",Grey,,,,"Bluetooth
Hands-free equipment
MP3",,"€ 3,300.-"
187 kg,,May-24,,,Others,Metallic,,3,Gasoline,,Used,"9,400 km",Yes,,,May-22,,TriumphStreet Triple RS,"Hot bar end
Windshield",,,,91 kW (124 hp),2020-04-01,765 cc,"ABS
Traction control",Silver,1,,,"Bluetooth
MP3",,"€ 10,600.-"
153 kg,,,,,Naked Bike,,Manual,1,Gasoline,,Used,"10,880 km",Yes,,,Dec-21,,KTM125 Duke,"Crash bar
Electric Starter
Hot bar end
Topcase",,Euro 4,,11 kW (15 hp),2018-10-01,125 cc,ABS,Orange,1,,,,,"€ 3,900.-"
,,Nov-22,,,Naked Bike,,Manual,2,Gasoline,6,Used,"10,200 km",,,,Jul-21,,SuzukiGladius 650,"Electric Starter
Hot bar end",,,Catalytic Converter,53 kW (72 hp),2010-03-01,650 cc,ABS,White,4,,,,,"€ 4,399.-"
396 kg,,Oct-22,,,Tourer,Metallic,Manual,6,Gasoline,5,Used,"52,672 km",,,,Oct-21,,HondaGL 1500,"Cover panel
Cruise control
Electric Starter
Topcase
Windshield",,,,74 kW (101 hp),1994-10-01,"1,520 cc",,Blue,2,,"7.5 l/100 km (comb.)
9 l/100 km (city)
6.5 l/100 km (country)","Hands-free equipment
Radio",157 g/km (comb.),"€ 5,990.-"
,,,,,Others,,,,Gasoline,,Used,300 km,,,,,,KymcoX-Town,"Hot bar end
Topcase",,,,16 kW (22 hp),2021-11-01,,ABS,Grey,,,,,,"€ 3,000.-"
,,,485637,45 months,Others,,,0,Gasoline,0,Used,"12,047 km",,Light white/Racing blue metali,0,,2021,BMWS 1000 XR,"Cruise control
Hot bar end
Windshield",,,,121 kW (165 hp),2021-03-01,999 cc,"ABS
Traction control",,1,,,,0 g/km (comb.),"€ 19,490.-"
,,May-24,485633,24 months,Others,Metallic,,0,Gasoline,0,Used,179 km,,Lightwhite uni/Racingblue meta,0,,2021,BMW,"Cruise control
Hot bar end
Seat heating
Windshield",,,,100 kW (136 hp),2022-05-01,"1,254 cc",ABS,,1,,,,0 g/km (comb.),"€ 21,783.-"
,,,485645,36 months,Others,,,0,Gasoline,0,Used,"2,405 km",Yes,Racing Red,0,,2020,BMWF 900 XR,"Cruise control
Hot bar end
Windshield",,,,77 kW (105 hp),2020-07-01,895 cc,"ABS
Alarm system
Traction control",Red,1,,,,0 g/km (comb.),"€ 13,750.-"
,,,485641,12 months,Others,Metallic,,0,Gasoline,0,Used,"15,854 km",Yes,Imperial blue metallic,0,,2019,BMWR 1250 RS,Hot bar end,,,,100 kW (136 hp),2019-09-01,"1,254 cc",ABS,Blue,1,,,,0 g/km (comb.),"€ 13,650.-"
,,,485644,24 months,Touring Enduro,,Semi-automatic,2,Gasoline,6,Used,"1,500 km",Yes,Lightwhite Uni,,,2022,BMWF 750 GS,"Cover panel
Cruise control
Electric Starter
Hot bar end
Windshield",,Euro 5,Catalytic Converter,56 kW (76 hp),2022-03-01,853 cc,"ABS
Immobilizer
Traction control",,1,,,Bluetooth,,"€ 11,575.-1"
,,,485642,24 months,Touring Enduro,Metallic,Semi-automatic,2,Gasoline,6,Used,"2,000 km",Yes,San Marino Blau metallic,,,2022,BMWF 750 GS,"Cover panel
Cruise control
Electric Starter
Hot bar end
Windshield",,Euro 5,Catalytic Converter,56 kW (76 hp),2022-04-01,853 cc,"ABS
Immobilizer
Traction control",Blue,1,,,Bluetooth,,"€ 12,250.-1"
232 kg,,Mar-24,,,Naked Bike,,Manual,2,Gasoline,5,Used,"37,200 km",Yes,,,Jul-21,,BMWR 850 R,"Crash bar
Electric Starter
Kickstarter",,,,52 kW (71 hp),2004-03-01,848 cc,"ABS
Immobilizer",Black,3,,,,,"€ 4,900.-"
,,,,,Others,,Automatic,2,Gasoline,6,Used,"7,900 km",Yes,,,Jun-22,,HondaNC 750,,,,,40 kW (54 hp),2020-06-01,750 cc,ABS,Red,,,,,,"€ 7,000.-"
232 kg,,Mar-24,,,Naked Bike,,Manual,2,Gasoline,5,Used,"37,200 km",Yes,,,Jul-21,,BMWR 850 R,"Crash bar
Electric Starter
Kickstarter",,,,52 kW (71 hp),2004-03-01,848 cc,"ABS
Immobilizer",Black,3,,,,,"€ 4,900.-"
,,,,,Others,,Automatic,2,Gasoline,6,Used,"7,900 km",Yes,,,Jun-22,,HondaNC 750,,,,,40 kW (54 hp),2020-06-01,750 cc,ABS,Red,,,,,,"€ 7,000.-"
,,,485643,24 months,Others,Metallic,,0,Electric,0,Used,600 km,Yes,Ionic silver metallic/Electric,0,,2017,BMWC Evolution,Hot bar end,,,,35 kW (48 hp),2017-05-01,0 cc,"ABS
Alarm system",Silver,1,,,,0 g/km (comb.),"€ 10,950.-1"
,,,485640,12 months,Others,,,0,Gasoline,0,Used,"15,000 km",Yes,Light grey met./Magellan grey,0,,2017,BMWR 1200 RS,"Cruise control
Hot bar end",,,,79 kW (107 hp),2017-06-01,"1,170 cc","ABS
Alarm system
Traction control",Grey,1,,,,0 g/km (comb.),"€ 12,950.-"
,,,485639,12 months,Others,Metallic,,0,Gasoline,0,Used,"12,000 km",Yes,Strato Blue Metallic,0,,2017,BMWG 310 R,,,,,25 kW (34 hp),2017-09-01,313 cc,,Blue,1,,,,0 g/km (comb.),"€ 4,250.-"
,,,,,Others,,,,Gasoline,,Used,"88,500 km",,,,,,YamahaFZ 1,,,,,110 kW (150 hp),2007-06-01,,,Grey,,,,,,"€ 3,200.-"
,,,485638,36 months,Others,Metallic,,0,Gasoline,0,Used,"5,250 km",Yes,Black storm metallic/Glacier s,0,,2020,BMWK 1600 GT,"Crash bar
Cruise control
Hot bar end
Seat heating
Windshield",,,,79 kW (107 hp),2020-12-01,"1,650 cc","ABS
Alarm system
Traction control",Black,1,,,Radio,0 g/km (comb.),"€ 22,950.-"
,,,,,Racing,,,,Gasoline,,Used,"35,000 km",,,,,,KawasakiNinja ZX-6R,,,,,96 kW (131 hp),2006-03-01,636 cc,,Green,,,,,,"€ 5,499.-"
,Jan-22,,,,Others,,,,Gasoline,,Used,"51,900 km",Yes,,,Jan-22,,YamahaYZF-R6,,,,,94 kW (128 hp),2008-09-01,,,Black,,,,,,"€ 6,000.-"
290 kg,,,,,Classic,Metallic,Manual,1,Gasoline,5,Used,"1,398 km",Yes,,,May-22,,BrixtonCromwell 125,Electric Starter,,,,8 kW (11 hp),2022-04-01,125 cc,,Green,,,2.3 l/100 km (comb.),,,"€ 2,690.-"
350 kg,,,MB-69-SP,,Tourer,Metallic,Manual,2,Gasoline,,Used,"2,409 km",,Czerwony metaliczny,,,,Harley-DavidsonTour Glide,,,,,48 kW (65 hp),1981-05-01,"1,340 cc",,Red,,Netherlands,,,,"€ 7,500.-"
,,,,,Others,,,,Gasoline,,Used,"48,000 km",,,,,,YamahaXTZ 660,,,,,35 kW (48 hp),2008-10-01,,,Grey,,,,,,"€ 4,200.-"
170 kg,,,,,Chopper/Cruiser,,Manual,2,Gasoline,6,Used,"15,700 km",Yes,,,,,Benelli502C,,,,,38 kW (52 hp),2019-03-01,500 cc,ABS,Black,2,,"25 l/100 km (comb.)
28 l/100 km (city)
30 l/100 km (country)",,,"€ 4,500.-"
,,,,,Others,,,,Gasoline,,Used,"13,000 km",,,,,,YamahaYZF-R1,,,,,132 kW (179 hp),2013-01-01,,,Black,,,,,,"€ 11,000.-"
130 kg,,,,,Scooter,,Automatic,1,Gasoline,,Used,"12,500 km",,,,Aug-21,,KymcoPeople S 125,"Electric Starter
Topcase
Windshield",,,,8 kW (11 hp),2018-08-01,,ABS,Black,1,,"2.7 l/100 km (comb.)
2.7 l/100 km (city)
2.7 l/100 km (country)",,,"€ 1,700.-"
,,,,,Others,,,,Gasoline,,Used,"1,500 km",,,,,,KymcoLike 125,,,,,8 kW (11 hp),2016-06-01,,,Orange,,,,,,"€ 1,500.-"
,,Aug-23,,,Quad,,Automatic,,Gasoline,,Used,"9,200 km",,,,Dec-20,,CF MotoCForce 450,,,,,19 kW (26 hp),2016-09-01,400 cc,Immobilizer,Orange,2,,,,,"€ 5,000.-"
,,,,,Scooter,Metallic,Automatic,,Gasoline,,Used,"8,000 km",Yes,,,Sep-17,,PeugeotTweet,"Electric Starter
Kickstarter
Topcase
Windshield",,,,8 kW (11 hp),2011-08-01,150 cc,,Silver,1,,,,,€ 600.-
222 kg,,New,Aprilia,,Sport touring,Metallic,Manual,2,Gasoline,,Used,"10,900 km",,,,Jul-21,,ApriliaSL Falco,"Cover panel
Electric Starter",,,,87 kW (118 hp),2002-07-01,998 cc,,Silver,1,,,,,"€ 4,400.-"
,,,,,Motocrosser,,,,Gasoline,5,Used,"73,500 km",,,,,,YamahaXT 500,,,,,13 kW (18 hp),1989-06-01,500 cc,,,2,,,,,"€ 4,500.-"
