Name,Pulisher,Price,Net Revenue,Platform,Genres
Grand Theft Auto V,422,29.99,700,0,1
Cyberpunk 2077,91,59.99,490,0,207
Rust,188,39.99,490,3,36
The Witcher® 3: Wild Hunt,91,39.99,430,0,207
Tom Clancy's Rainbow Six® Siege,549,19.99,340,0,0
Red Dead Redemption 2,422,59.99,280,0,1
DayZ,80,44.99,220,0,50
No Man's Sky VR Supported,246,59.99,210,8,1
Dead by Daylight,63,19.99,160,0,0
Euro Truck Simulator 2,429,19.99,150,4,201
New World,33,39.99,150,0,51
Fall Guys: Ultimate Knockout,143,19.99,150,0,69
Sea of Thieves,578,39.99,150,0,1
Terraria,406,9.99,150,4,40
Mount & Blade II: Bannerlord,507,49.99,140,0,90
Forza Horizon 4,578,59.99,140,0,210
Garry's Mod,557,9.99,140,4,201
Dying Light,512,29.99,130,4,112
Monster Hunter: World,89,29.99,120,0,0
The Forest VR Supported,178,19.99,120,8,47
Valheim,111,19.99,120,1,26
Stardew Valley,113,14.99,110,4,196
Divinity: Original Sin 2 - Definitive Edition,292,44.99,110,3,155
Hearts of Iron IV,367,39.99,100,4,217
Subnautica VR Supported,553,29.99,100,6,145
Phasmophobia VR Supported,280,13.99,96,8,80
Arma 3,80,29.99,92,0,119
Borderlands 3,7,59.99,91,0,112
STAR WARS Jedi: Fallen Order™,175,59.99,91,0,1
Left 4 Dead 2,557,9.99,85,4,0
Dying Light 2 Stay Human,512,59.99,85,0,53
Cities: Skylines,367,29.99,84,4,217
Hades,494,24.99,84,3,97
Assassin's Creed® Origins,549,59.99,82,0,53
Forza Horizon 5,578,59.99,81,0,58
The Elder Scrolls V: Skyrim Special Edition,67,39.99,79,0,207
Hunt: Showdown,122,39.99,78,0,0
Squad,355,49.99,76,0,108
RimWorld,305,34.99,75,4,203
7 Days to Die,521,24.99,73,4,28
Stellaris,367,39.99,71,4,217
PAYDAY 2 VR Supported,473,9.99,71,2,112
Half-Life: Alyx VR Required,557,59.99,70,7,1
Fallout 4,67,19.99,68,0,207
Risk of Rain 2,227,24.99,65,0,93
Kerbal Space Program,396,39.99,64,4,201
Don't Starve Together,282,14.99,64,4,150
Deep Rock Galactic,111,29.99,63,0,0
Factorio,575,30.00,62,4,169
It Takes Two,175,39.99,59,0,1
Resident Evil Village,89,59.99,59,0,0
Hollow Knight,508,14.99,59,4,35
Raft,51,19.99,57,0,141
Horizon Zero Dawn™ Complete Edition,385,49.99,56,0,53
BeamNG.drive,60,24.99,55,0,189
Middle-earth™: Shadow of War™,562,49.99,54,0,53
Resident Evil 2,89,39.99,54,0,0
Baldur's Gate 3,292,59.99,53,3,143
Among Us,260,4.99,53,0,158
The Long Dark,248,34.99,53,4,151
DOOM Eternal,67,19.99,52,0,0
Watch_Dogs® 2,549,49.99,50,0,1
Satisfactory,111,29.99,49,0,142
Human: Fall Flat,124,19.99,48,3,131
Crusader Kings III,367,49.99,48,4,208
MORDHAU,545,29.99,48,0,93
The Crew™ 2,549,49.99,47,0,110
Darkest Dungeon®,410,24.99,47,4,198
Need for Speed™ Heat,175,69.99,47,0,59
Total War™: ROME II - Emperor Edition,430,59.99,46,0,220
Ori and the Will of the Wisps,578,29.99,46,0,0
Slay the Spire,316,24.99,46,4,204
ASTRONEER,498,29.99,46,0,145
Dead Cells,332,24.99,44,4,93
Wolcen: Lords of Mayhem,563,39.99,44,0,40
Mount & Blade: Warband,507,19.99,42,4,112
DRAGON BALL FighterZ,52,59.99,42,0,0
Insurgency: Sandstorm,200,29.99,42,0,0
Planet Zoo,208,44.99,42,0,176
DOOM,67,19.99,42,0,0
Microsoft Flight Simulator Game of the Year Edition VR Supported,578,59.99,41,8,215
Conan Exiles,214,39.99,41,0,52
SCUM,223,34.99,41,0,21
Disco Elysium - The Final Cut,583,39.99,40,3,207
Sniper Elite 4,407,59.99,40,0,1
Just Cause 4 Reloaded,471,130.3,39,0,1
Tom Clancy’s The Division™,549,29.99,38,0,53
The Elder Scrolls® Online,67,19.99,38,3,51
Oxygen Not Included,282,24.99,38,4,201
Frostpunk,3,29.99,38,3,217
Warhammer: Vermintide 2,190,29.99,37,0,93
Hell Let Loose,510,39.99,37,0,96
Jurassic World Evolution,208,44.99,37,0,217
Metro Exodus,137,29.99,37,4,0
Elite Dangerous VR Supported,208,29.99,36,8,52
NARAKA: BLADEPOINT,343,19.99,36,0,50
TEKKEN 7,52,39.99,36,0,120
Assassin’s Creed® IV Black Flag™,549,39.99,35,0,1
Subnautica: Below Zero,553,29.99,35,3,145
theHunter: Call of the Wild™,186,19.99,35,0,157
CODE VEIN,52,59.99,35,0,112
Detroit: Become Human,398,39.99,34,0,1
Ready or Not,555,39.99,34,0,20
Cuphead,485,19.99,34,3,93
Beat Saber VR Required,62,29.99,33,7,194
God of War,385,49.99,33,0,53
NARUTO TO BORUTO: SHINOBI STRIKER,52,49.99,33,0,0
OUTRIDERS,471,39.99,32,0,53
Bloons TD 6,348,9.99,32,3,220
NBA 2K21,7,59.99,32,0,216
Totally Accurate Battle Simulator,291,19.99,32,3,203
Just Cause™ 3,471,19.99,31,0,1
NARUTO SHIPPUDEN: Ultimate Ninja STORM 4,52,29.99,31,0,1
Space Engineers,276,19.99,31,0,106
American Truck Simulator,429,19.99,31,4,201
Slime Rancher,329,19.99,31,4,47
Scrap Mechanic,51,19.99,30,0,30
Undertale,597,9.99,30,4,195
Mass Effect™ Legendary Edition,175,59.99,30,0,112
Grim Dawn,118,24.99,30,0,40
Project Zomboid,523,19.99,30,4,181
Far Cry 3,549,19.99,29,0,1
Black Mesa,120,19.99,29,1,35
A Plague Tale: Innocence,200,39.99,29,0,1
F1® 2021,175,59.99,28,0,212
DRAGON BALL Z: KAKAROT,52,59.99,28,0,112
Resident Evil 3,89,39.99,28,0,0
Kenshi,300,29.99,28,0,99
Fallout 76,67,39.99,27,0,207
Devil May Cry 5,89,29.99,27,0,0
Remnant: From the Ashes,370,39.99,27,0,53
Five Nights at Freddy's: Security Breach,445,39.99,26,0,35
NBA 2K22,7,59.99,26,0,216
Hellblade: Senua's Sacrifice,349,29.99,25,0,35
Inscryption,143,19.99,25,0,152
Insurgency,345,14.99,25,4,108
MONSTER HUNTER RISE,89,59.99,25,0,0
Gunfire Reborn,165,19.99,24,0,40
This War of Mine,3,19.99,24,4,150
Assassin's Creed® Unity,549,29.99,24,0,1
Mafia: Definitive Edition,7,39.99,24,0,1
Fallout: New Vegas,67,9.99,24,0,112
STAR WARS™ Battlefront™ II,175,39.99,24,0,1
Days Gone,385,49.99,23,0,1
Counter-Strike,557,9.99,23,4,0
ACE COMBAT™ 7: SKIES UNKNOWN,56,59.99,23,0,118
Starbound,107,14.99,23,4,10
Outlast,409,19.99,23,4,35
South Park™: The Stick of Truth™,549,29.99,22,0,53
Far Cry® 4,549,29.99,22,0,1
People Playground,486,9.99,22,0,72
Chivalry: Medieval Warfare,538,24.99,22,4,93
Dyson Sphere Program,224,19.99,22,0,187
GUILTY GEAR -STRIVE-,41,59.99,22,0,0
Temtem,251,41.99,21,0,138
Nioh: Complete Edition,270,49.99,21,0,112
Metro 2033 Redux,137,19.99,21,4,0
Farming Simulator 22,232,49.99,21,3,215
FINAL FANTASY XV WINDOWS EDITION,471,34.99,21,0,207
Half-Life 2,557,9.99,21,4,0
Batman™: Arkham Knight,567,19.99,20,0,1
Assetto Corsa VR Supported,288,19.99,20,8,200
Northgard,451,29.99,20,4,203
Farming Simulator 19,201,19.99,20,3,215
FINAL FANTASY XIV Online,471,19.99,20,0,205
Nioh 2 – The Complete Edition,270,49.99,20,0,112
They Are Billions,353,29.99,20,0,220
A Hat in Time,228,29.99,20,3,145
Age of Empires® III (2007),578,39.99,20,0,217
Castle Crashers®,519,14.99,20,3,10
Tales of Arise,56,59.99,20,0,112
Shadow Tactics: Blades of the Shogun,131,39.99,19,4,204
The Outer Worlds,396,59.99,19,0,207
Marvel's Guardians of the Galaxy,471,59.99,19,0,1
METAL GEAR SOLID V: THE PHANTOM PAIN,284,19.99,19,0,1
Celeste,311,19.99,19,4,35
Persona 4 Golden,430,19.99,19,0,207
The Isle,25,19.99,18,0,25
METAL GEAR RISING: REVENGEANCE,284,29.99,18,0,0
Control Ultimate Edition,14,39.99,18,0,1
Total War: ATTILA,430,44.99,17,1,220
State of Decay 2: Juggernaut Edition,578,29.99,17,0,113
Bloodstained: Ritual of the Night,14,39.99,17,0,53
Path Of Wuxia,605,34.99,17,0,180
Counter-Strike: Source,557,9.99,17,4,0
Metro: Last Light Redux,137,19.99,17,4,0
Watch_Dogs™,549,29.99,17,0,1
Portal,557,9.99,17,4,0
Enter the Gungeon,143,14.99,17,4,35
Dishonored 2,67,29.99,17,0,0
Dread Hunger,145,29.99,17,0,35
Outlast 2,409,29.99,17,0,35
Wolfenstein II: The New Colossus,67,39.99,17,0,0
DEATHLOOP,67,59.99,17,0,0
My Time At Portia,510,29.99,17,3,129
Green Hell,119,24.99,17,0,47
South Park™: The Fractured But Whole™,549,49.99,16,0,207
Mafia II (Classic),7,29.99,16,0,0
Friday the 13th: The Game,239,14.99,16,0,0
Outer Wilds,35,24.99,16,0,1
BONEWORKS VR Required,482,29.99,16,7,47
SOMA,206,29.99,16,4,35
Teardown,546,19.99,16,0,106
Noita,351,19.99,16,0,41
SPORE™,175,19.99,16,0,18
GRIS,143,16.99,16,3,145
Saints Row IV,137,14.99,15,1,1
Resident Evil 6,97,29.99,15,0,1
DJMAX RESPECT V,336,49.99,15,0,77
Don't Starve,282,9.99,15,4,150
Resident Evil 7 Biohazard,89,19.99,15,0,1
Men of War: Assault Squad 2,4,29.99,15,0,119
Yakuza 0,430,19.99,15,0,53
Red Dead Online,422,19.99,15,0,1
Car Mechanic Simulator 2018,386,19.99,15,3,211
X-Plane 11 VR Supported,290,59.99,15,5,215
Prey,67,29.99,15,0,1
HUMANKIND™,430,49.99,15,3,220
Medieval Dynasty,536,34.99,15,0,54
Pavlov VR VR Required,558,24.99,14,7,80
Serious Sam 3: BFE,143,39.99,14,4,93
Grounded,578,29.99,14,0,19
BattleBlock Theater®,519,14.99,14,4,9
Yakuza: Like a Dragon,430,59.99,14,0,53
Shadow Warrior 2,143,39.99,14,0,1
Two Point Hospital,430,34.99,14,4,201
OMORI,354,19.99,14,3,146
Resident Evil 4,97,19.99,14,0,1
Ravenfield,476,14.99,14,4,80
ICARUS,421,34.99,14,0,61
Killing Floor,543,19.99,14,4,0
BATTLETECH,367,39.99,13,4,62
Divinity: Original Sin - Enhanced Edition,292,39.99,13,4,149
Geometry Dash,418,3.99,13,3,93
Call of Duty: World at War,20,19.99,13,0,0
Miscreated,179,29.99,13,0,37
Wreckfest,503,29.99,13,0,103
Call of Duty®: Black Ops II,20,49.99,13,0,0
Max Payne 3,422,19.99,13,0,0
Assassin's Creed 2,549,19.99,13,0,1
Far Cry® Primal,549,29.99,13,0,1
Wolfenstein: The New Order,67,19.99,13,0,0
Banished,450,19.99,13,0,203
Quantum Break,578,39.99,13,0,0
BIOMUTANT,503,59.99,13,0,112
Project CARS 2 VR Supported,52,59.99,13,8,210
V Rising,489,19.99,13,0,32
"Warhammer 40,000: Inquisitor - Martyr",341,49.99,12,0,40
INSIDE,387,19.99,12,3,35
太吾绘卷 The Scroll Of Taiwu,114,19.99,12,0,125
Rivals of Aether,132,29.99,12,0,194
Batman: Arkham City - Game of the Year Edition,567,19.99,12,0,1
Demon Slayer -Kimetsu no Yaiba- The Hinokami Chronicles,430,59.99,12,0,1
Imperator: Rome,367,39.99,12,4,217
Skater XL - The Ultimate Skateboarding Game,170,39.99,12,0,105
Katana ZERO,143,14.99,12,3,93
Stormworks: Build and Rescue,230,24.99,12,3,215
Dragon's Dogma: Dark Arisen,97,29.99,12,0,53
Hotline Miami,143,9.99,12,4,93
A Way Out,175,29.99,12,0,35
Tabletop Simulator VR Supported,65,19.99,12,5,166
Outward Definitive Edition,395,39.99,12,0,207
Little Nightmares,52,19.99,12,0,122
CarX Drift Racing Online,98,14.99,12,0,206
Gears 5,578,39.99,12,0,1
Foxhole,453,29.99,12,0,82
Battlefield: Bad Company™ 2,175,19.99,12,0,0
Blade and Sorcery VR Required,568,19.99,11,7,27
Skul: The Hero Slayer,336,19.99,11,4,93
My Summer Car,34,14.99,11,0,184
Assassin's Creed® Syndicate,549,29.99,11,0,1
POSTAL 2,427,9.99,11,4,35
Broforce,143,14.99,11,4,9
Half-Life,557,9.99,11,4,0
Hurtworld,57,24.99,11,3,61
Besiege,467,14.99,11,4,201
Jurassic World Evolution 2,208,59.99,11,0,217
Plague Inc: Evolved,339,14.99,11,4,169
ENDLESS™ Space 2,430,39.99,11,3,220
ROMANCE OF THE THREE KINGDOMS XIV,270,59.99,11,0,215
X4: Foundations,173,49.99,11,1,119
Tales of Berseria™,52,49.99,11,0,112
Just Cause 2,471,14.99,11,0,1
Assetto Corsa Competizione VR Supported,14,39.99,11,8,212
Last Oasis,153,29.99,11,0,22
Batman: Arkham Asylum Game of the Year Edition,567,19.99,11,0,1
Fallout 3: Game of the Year Edition,67,19.99,11,0,207
"Warhammer 40,000: Space Marine - Anniversary Edition",430,59.99,11,0,0
Tropico 6,273,39.99,11,4,217
Hotline Miami 2: Wrong Number,143,14.99,11,4,93
Transport Fever 2,235,39.99,11,4,217
The Stanley Parable,220,14.99,11,4,145
Danganronpa V3: Killing Harmony,468,39.99,11,0,122
Sword Art Online: Fatal Bullet,52,39.99,10,0,112
Hitman: Absolution™,261,19.99,10,0,0
Football Manager 2022,430,54.99,10,3,216
Spiritfarer®: Farewell Edition,532,29.99,10,4,150
We Happy Few,227,59.99,10,0,35
Borderlands Game of the Year,7,29.99,10,0,112
Monster Hunter Stories 2: Wings of Ruin,89,59.99,10,0,153
The Evil Within 2,67,39.99,10,0,1
Zombie Army Trilogy,407,44.99,10,0,0
The Walking Dead,458,14.99,9.9,3,122
Golf With Your Friends,510,14.99,9.8,4,170
Transistor,494,19.99,9.7,4,97
Darksiders III,503,59.99,9.7,0,53
FTL: Faster Than Light,491,9.99,9.7,4,203
Dishonored,67,9.99,9.7,0,1
嗜血印 Bloody Spell,604,24.99,9.6,0,40
Vampyr,200,39.99,9.6,0,112
Sniper Elite 3,407,29.99,9.6,0,1
Stoneshard,252,24.99,9.6,1,140
DRAGON BALL XENOVERSE,52,39.99,9.6,0,0
SUPERHOT,435,24.99,9.6,4,93
Mirror's Edge™,175,19.99,9.6,0,1
ONE PIECE: PIRATE WARRIORS 4,52,59.99,9.5,0,0
Forager,251,19.99,9.5,0,47
Stranded Deep,59,14.99,9.5,4,137
Little Nightmares II,52,29.99,9.4,0,122
The Sims™ 3,175,19.99,9.3,0,215
What Remains of Edith Finch,35,19.99,9.3,0,145
Dragon Age: Origins - Ultimate Edition,175,29.99,9.3,0,207
Microsoft Flight Simulator X: Edition,578,24.99,9.3,0,215
Brothers - A Tale of Two Sons,14,14.99,9.2,0,35
SEGA Mega Drive and Genesis Classics,430,81.42,9.2,4,17
Call of Duty®: Modern Warfare® 2 (2009),20,19.99,9.2,3,0
Portal 2,557,1.99,9.1,4,1
SCARLET NEXUS,52,59.99,9.1,0,53
Call of Duty®: Black Ops,20,39.99,9.1,0,0
Empyrion - Galactic Survival,176,19.99,9.1,0,151
Shovel Knight: Treasure Trove,579,39.99,9,4,35
Wasteland 3,592,39.99,8.9,4,209
"Papers, Please",10,9.99,8.9,4,145
S.T.A.L.K.E.R.: Shadow of Chernobyl,218,19.99,8.9,0,112
Life is Strange: True Colors,471,59.99,8.9,0,1
To the Moon,204,9.99,8.8,4,146
Battle Brothers,361,29.99,8.8,0,198
GreedFall,200,34.99,8.8,0,207
Persona® 5 Strikers,430,59.99,8.8,0,1
Street Fighter V,97,19.99,8.7,0,0
Depth,145,19.99,8.7,0,93
Call of Duty®: Ghosts,20,49.99,8.7,0,0
DYNASTY WARRIORS 8: Xtreme Legends Complete Edition,270,49.99,8.6,0,0
Blasphemous,510,24.99,8.6,4,35
Pummel Party,408,14.99,8.6,0,68
Universe Sandbox VR Supported,231,29.99,8.6,5,160
ULTRAKILL,344,19.99,8.6,0,80
Goat Simulator,111,9.99,8.5,4,168
Lobotomy Corporation | Monster Management Simulation,397,24.99,8.5,0,201
Torchlight II,426,14.99,8.5,4,40
The Witness,527,39.99,8.4,3,145
The Elder Scrolls IV: Oblivion® Game of the Year Edition,67,14.99,8.4,0,207
DmC: Devil May Cry,97,29.99,8.4,0,1
Deadside,55,19.99,8.3,0,21
Pathfinder: Kingmaker - Enhanced Plus Edition,395,19.99,8.3,4,207
Graveyard Keeper,596,19.99,8.3,4,147
The Henry Stickmin Collection,260,14.99,8.2,3,127
Skullgirls 2nd Encore,48,24.99,8.2,4,93
Solasta: Crown of the Magister,506,39.99,8.2,3,155
Tom Clancy’s Splinter Cell Blacklist,549,29.99,8.2,0,1
Notes of Soul,606,29.99,8.1,0,7
Generation Zero®,499,24.99,8,0,1
My Friend Pedro,143,19.99,8,0,93
Hardspace: Shipbreaker,200,34.99,7.9,0,215
Resident Evil 5,97,19.99,7.9,0,1
Black Desert,369,9.99,7.8,0,52
MudRunner,200,19.99,7.8,0,215
Deus Ex: Human Revolution - Director's Cut,471,19.99,7.8,0,112
Post Scriptum,355,29.99,7.8,0,96
The Crew™,549,29.99,7.8,0,110
Osiris: New Dawn,193,34.99,7.6,0,26
ENDLESS™ Legend,430,29.99,7.6,3,209
Loop Hero,143,14.99,7.6,4,198
Mass Effect 2 Digital Deluxe Edition,175,29.99,7.5,0,207
Alan Wake,415,14.99,7.5,0,1
Pillars of Eternity,367,29.99,7.5,4,207
Mutant Year Zero: Road to Eden,214,34.99,7.5,0,209
Train Simulator Classic,159,24.99,7.5,0,215
Ni no Kuni™ II: Revenant Kingdom,52,59.99,7.5,0,153
Last Epoch,177,34.99,7.4,1,26
Amazing Cultivation Simulator,224,24.99,7.4,0,197
Stick Fight: The Game,291,4.99,7.4,3,68
For The King,124,19.99,7.4,4,149
Bastion,494,14.99,7.3,4,97
Phoenix Wright: Ace Attorney Trilogy,89,29.99,7.3,0,122
City Car Driving VR Supported,202,24.99,7.3,8,199
Wargame: Red Dragon,181,29.99,7.2,4,203
PowerWash Simulator,471,19.99,7.2,0,160
Warhammer: End Times - Vermintide,190,29.99,7.1,0,93
Crysis,175,29.99,7.1,0,0
Torchlight III,370,39.99,7.1,0,53
UBOAT,386,29.99,7.1,0,87
Library Of Ruina,397,29.99,7.1,0,198
The Elder Scrolls V: Skyrim VR VR Required,67,59.99,7,7,207
Brick Rigs,306,14.99,6.9,0,191
Holdfast: Nations At War,38,19.99,6.9,0,96
The Ascent,124,29.99,6.9,0,40
FINAL FANTASY X/X-2 HD Remaster,471,29.99,6.8,0,207
Monster Train,235,24.99,6.8,0,220
Bayonetta,430,19.99,6.8,0,1
Stronghold Crusader 2,195,39.99,6.8,0,217
ABZU,14,19.99,6.7,0,13
XCOM®: Chimera Squad,7,19.99,6.7,0,220
Getting Over It with Bennett Foddy,64,7.99,6.7,4,0
TerraTech,368,24.99,6.7,4,93
Psychonauts 2,578,59.99,6.6,4,1
STEINS;GATE,468,29.99,6.6,0,122
The Wolf Among Us,514,14.99,6.6,0,2
HELLDIVERS™ Dive Harder Edition,385,19.99,6.6,0,0
S.T.A.L.K.E.R.: Call of Pripyat,218,19.99,6.6,0,112
Paint the Town Red,466,19.99,6.6,4,93
Game Dev Tycoon,237,9.99,6.6,4,169
Kingdom Heroes 8,548,29.99,6.5,0,114
Desperados III,503,49.99,6.5,4,220
Plants vs. Zombies: Battle for Neighborville™,175,49.99,6.5,0,78
Dungeons 3,273,29.99,6.5,4,217
Clone Drone in the Danger Zone,151,19.99,6.4,3,93
Dawn of Man,308,24.99,6.4,3,203
Call of Duty®: Infinite Warfare,20,29.99,6.4,0,1
Workers & Resources: Soviet Republic,12,34.99,6.4,0,187
GOD EATER 3,52,59.99,6.4,0,0
Evil Genius 2: World Domination,407,39.99,6.4,0,217
Left 4 Dead,557,9.99,6.4,3,0
Dead Space,175,19.99,6.4,0,1
Dragon Age™ Inquisition,175,39.99,6.3,0,55
Car Mechanic Simulator 2021,386,24.99,6.3,0,211
Ultimate Chicken Horse,108,14.99,6.3,4,68
Fable Anniversary,578,34.99,6.3,0,207
EARTH DEFENSE FORCE 5,128,59.99,6.2,0,0
Craftopia,389,24.99,6.2,0,26
ELEX,503,29.99,6.2,0,53
Foundation,391,29.99,6.1,0,187
Homeworld Remastered Collection,227,34.99,6.1,0,217
Galactic Civilizations III,474,39.99,6.1,0,204
Terminator: Resistance,412,39.99,6.1,0,53
Divinity: Original Sin (Classic),292,39.99,6.1,4,149
PixARK,463,39.99,6,0,16
Amnesia: The Dark Descent,206,19.99,6,4,35
Dead Space™ 2,175,19.99,6,0,1
Arma 2: Operation Arrowhead,80,19.99,6,0,119
Tales of Zestiria,52,49.99,6,0,207
Gloomhaven,43,34.99,6,3,155
Absolver,143,29.99,6,0,35
UNO,550,9.99,5.9,0,158
The Stanley Parable: Ultra Deluxe,121,24.99,5.9,4,127
Dragon Age: Origins,175,29.99,5.8,0,207
Return of the Obra Dinn,10,19.99,5.8,3,145
Vampire Survivors,595,2.99,5.8,3,64
CARRION,143,19.99,5.8,4,35
The Walking Dead: Season Two,458,14.99,5.8,3,122
SpeedRunners,596,14.99,5.7,4,71
Atelier Ryza: Ever Darkness & the Secret Hideout,270,59.99,5.7,0,207
Portal Knights,14,19.99,5.7,0,53
KovaaK's,526,12.99,5.7,0,104
"Hot Dogs, Horseshoes & Hand Grenades VR Required",401,19.99,5.6,7,86
SnowRunner,200,29.99,5.6,0,156
Sherlock Holmes: The Devil's Daughter,207,29.99,5.6,0,1
Superliminal,379,19.99,5.6,4,145
Dead Rising 3 Apocalypse Edition,97,29.99,5.6,0,0
Journey,35,14.99,5.6,0,145
Romance of the Three Kingdoms XIII,270,59.99,5.5,0,215
PAYDAY™ The Heist,135,14.99,5.5,0,0
Need for Speed™,175,29.99,5.5,0,57
SpongeBob SquarePants: Battle for Bikini Bottom - Rehydrated,503,29.99,5.5,0,2
暖雪 Warm Snow,589,17.99,5.5,0,40
Timberborn,314,24.99,5.5,3,187
Bully: Scholarship Edition,422,14.99,5.4,0,1
Mass Effect (2007),175,19.99,5.4,0,112
Sonic Generations Collection,430,19.99,5.4,0,0
Farming Simulator 17,216,14.99,5.4,3,215
Homeworld: Deserts of Kharak,227,49.99,5.4,3,220
Digimon Story Cyber Sleuth: Complete Edition,54,49.99,5.4,0,207
Valiant Hearts: The Great War™ / Soldats Inconnus : Mémoires de la Grande Guerre™,549,14.99,5.4,0,122
Assassin’s Creed® Brotherhood,549,19.99,5.3,0,1
Duck Game,22,12.99,5.3,0,93
DUSK,344,19.99,5.3,4,93
Call of Duty® 4: Modern Warfare®,20,19.99,5.3,3,0
Maneater,543,39.99,5.2,0,40
Farm Together,324,19.99,5.2,4,168
PGA TOUR 2K21,7,59.99,5.2,0,216
Salt and Sanctuary,456,17.99,5.1,4,97
Just Shapes & Beats,66,19.99,5.1,4,93
Remember Me,97,29.99,5.1,0,1
IL-2 Sturmovik: Battle of Stalingrad VR Supported,5,49.99,5.1,8,118
BATTALION 1944,471,19.99,5.1,0,109
POSTAL 4: No Regerts,427,39.99,5.1,0,1
Trailmakers,198,24.99,5,0,46
Ghostwire: Tokyo,67,59.99,5,0,0
Mass Effect 2 (2010),175,19.99,5,0,207
House Party,171,24.99,5,0,126
Transport Fever,235,29.99,5,4,215
Eastward,107,24.99,5,3,146
Sands of Salzaar,576,14.99,5,0,149
Day of Infamy,345,14.99,5,4,108
Sword Art Online: Hollow Realization Deluxe Edition,52,49.99,4.9,0,17
WWE 2K22,7,59.99,4.9,0,216
One Piece Pirate Warriors 3,52,39.99,4.9,0,0
Freeman: Guerrilla Warfare,269,24.99,4.8,0,100
Ryse: Son of Rome,122,9.99,4.8,0,0
EVERSPACE™ VR Supported,400,29.99,4.8,5,93
Attack on Titan 2 - A.O.T.2,270,59.99,4.8,0,0
Tales from the Borderlands,7,19.99,4.8,0,122
BlazBlue Centralfiction,240,39.99,4.8,0,0
Crysis 2 - Maximum Edition,175,29.99,4.8,0,0
Project Winter,360,19.99,4.8,0,15
SWORD ART ONLINE Alicization Lycoris,52,59.99,4.8,0,53
"Flashing Lights - Police, Firefighting, Emergency Services Simulator",185,24.99,4.8,3,81
Victoria II,367,19.99,4.8,0,220
Resident Evil,89,19.99,4.8,0,1
Assassin's Creed™: Director's Cut Edition,549,19.99,4.7,0,1
FINAL FANTASY XII THE ZODIAC AGE,471,49.99,4.7,0,207
LEGO® Marvel™ Super Heroes,567,19.99,4.7,0,1
Tower Unite,383,19.99,4.7,0,5
Mass Effect™: Andromeda Deluxe Edition,175,29.99,4.7,0,112
Fallout 4 VR VR Required,67,59.99,4.7,7,207
CLANNAD,448,44.99,4.7,0,123
Dead Island Definitive Edition,137,19.99,4.6,1,0
The Escapists,510,17.99,4.6,4,48
Tyranny,367,29.99,4.6,4,153
Hyper Light Drifter,245,19.99,4.6,4,40
Cultivation Tales,18,19.99,4.6,0,29
Firework,224,9.99,4.6,0,194
Going Medieval,524,24.99,4.5,0,182
Trine 4: The Nightmare Prince,327,29.99,4.5,0,35
World War Z: Aftermath,436,39.99,4.5,0,0
Need for Speed™ Payback,175,29.99,4.5,0,60
Avorion,83,24.99,4.5,4,104
Thronebreaker: The Witcher Tales,91,19.99,4.5,0,153
Sniper Ghost Warrior 3,93,19.99,4.5,0,0
Mortal Online 2,472,39.99,4.5,0,95
Train Sim World® 2020,158,39.99,4.5,0,215
Night in the Woods,194,19.99,4.5,4,122
Eco,480,29.99,4.5,0,185
WWE 2K20,7,59.99,4.5,0,216
Ori and the Blind Forest: Definitive Edition,578,4.99,4.5,0,0
FIVE NIGHTS AT FREDDY'S: HELP WANTED VR Supported,445,29.99,4.4,8,63
Antichamber,141,19.99,4.4,4,145
"Warhammer 40,000: Mechanicus",275,29.99,4.4,4,220
Car Mechanic Simulator 2015,386,19.99,4.4,3,211
Streets of Rogue,596,19.99,4.4,4,40
The Elder Scrolls III: Morrowind® Game of the Year Edition,67,14.99,4.4,0,207
Descenders,350,24.99,4.4,4,117
MX Bikes,376,34.99,4.4,0,190
Assassin's Creed® III Remastered,550,39.99,4.4,0,1
Red Orchestra 2: Heroes of Stalingrad with Rising Storm,543,9.99,4.3,0,111
Ruined King: A League of Legends Story™,416,29.99,4.3,0,195
Sniper Ghost Warrior Contracts,93,29.99,4.3,0,0
Yakuza Kiwami 2,430,29.99,4.3,0,53
Unpacking,251,19.99,4.3,4,168
LIMBO,387,9.99,4.3,4,35
FINAL FANTASY VII,471,11.99,4.3,0,207
Griftlands,282,19.99,4.3,4,194
Children of Morta,3,21.99,4.3,4,40
The Walking Dead: Saints & Sinners VR Required,459,39.99,4.3,7,43
Super Robot Wars 30,52,59.99,4.3,0,208
ICEY,576,10.99,4.3,3,53
Rogue Legacy,102,14.99,4.2,4,40
Move or Die,531,14.99,4.2,4,93
Beyond: Two Souls,398,19.99,4.2,0,1
Fate Seeker,603,21.09,4.2,0,207
Wolfenstein: The Old Blood,67,19.99,4.2,0,0
Assassin's Creed® Revelations,549,19.99,4.2,0,1
Iron Harvest,395,29.99,4.2,0,220
Layers of Fear (2016),44,19.99,4.2,4,145
The Walking Dead: The Final Season,458,19.99,4.2,0,122
Automation - The Car Company Tycoon Game,96,29.99,4.2,0,192
Darksiders Genesis,503,29.99,4.2,0,1
Myth of Empires,36,29.99,4.1,0,24
Doki Doki Literature Club Plus!,449,14.99,4.1,3,163
Chernobylite,520,29.99,4.1,0,41
NEKOPARA Vol. 1,448,9.99,4.1,0,163
Craft The World,74,18.99,4.1,3,197
Devil May Cry 4 Special Edition,89,24.99,4.1,0,0
War of Rights,95,29.99,4.1,0,87
Witch It,131,19.99,4.1,0,68
WARRIORS OROCHI 4,270,59.99,4.1,0,0
Rogue Legacy 2,102,24.99,4,0,40
METAL GEAR SOLID V: GROUND ZEROES,284,19.99,4,0,1
MADNESS: Project Nexus,217,24.99,4,0,93
Valkyria Chronicles 4 Complete Edition,430,49.99,4,0,115
RIDE 4,323,49.99,4,0,212
Dorfromantik,540,13.99,4,0,169
THE KING OF FIGHTERS XV,432,59.99,4,0,0
Ys VIII: Lacrimosa of DANA,337,59.99,4,0,112
Baba Is You,247,14.99,4,4,194
Kingdoms and Castles,298,9.99,4,4,203
Baldur's Gate: Enhanced Edition,61,19.99,4,4,153
Book of Demons,528,24.99,3.9,3,10
Steel Division 2,181,39.99,3.9,0,106
Hello Neighbor,596,29.99,3.9,0,152
How to Survive,14,14.99,3.9,0,53
Tribes of Midgard,227,19.99,3.9,0,40
BIGFOOT,126,19.99,3.8,0,20
HITMAN 3 VR Supported,254,59.99,3.8,8,1
Far Cry 3 - Blood Dragon,549,14.99,3.8,0,1
Armello,295,19.99,3.8,4,149
GROUND BRANCH,319,29.99,3.8,0,86
Fate Seeker II,603,22.60,3.8,0,207
Bulletstorm: Full Clip Edition,227,39.99,3.8,0,1
There Is No Game: Wrong Dimension,161,12.99,3.8,3,127
The Planet Crafter,322,19.99,3.8,0,136
Moonlighter,3,19.99,3.8,4,35
Battlefield 3™,175,39.99,3.8,0,0
Command & Conquer: Red Alert 3,175,19.99,3.8,0,220
Vampire: The Masquerade - Bloodlines,20,19.99,3.8,0,0
Murdered: Soul Suspect,471,19.99,3.8,0,53
From the Depths,86,24.99,3.8,4,48
Spintires®,357,9.99,3.8,0,130
Call of Juarez: Gunslinger,513,14.99,3.8,0,0
Spelunky,331,14.99,3.7,0,194
Risk of Rain,107,9.99,3.7,4,97
Dishonored®: Death of the Outsider™,67,29.99,3.7,0,0
RWBY: Grimm Eclipse,423,19.99,3.7,3,35
Pathologic 2,596,34.99,3.7,0,146
Age of Wonders: Planetfall,367,49.99,3.7,3,220
Anno 2205™,549,39.99,3.7,0,217
Sniper Ghost Warrior Contracts 2,93,39.99,3.7,0,0
Attack on Titan / A.O.T. Wings of Freedom,270,59.99,3.7,0,0
"Warhammer 40,000: Chaos Gate - Daemonhunters",209,44.99,3.7,0,209
Chinese Parents,601,9.99,3.7,3,165
DRAGON QUEST® XI S: Echoes of an Elusive Age™ - Definitive Edition,471,39.99,3.7,0,153
Dust: An Elysian Tail,578,14.99,3.7,4,40
Heroes® of Might & Magic® III - HD Edition,550,14.99,3.7,0,209
Resident Evil Revelations,97,29.99,3.7,0,1
Citadel: Forged with Fire,79,39.99,3.7,0,36
Sonic & All-Stars Racing Transformed Collection,430,19.99,3.7,0,214
VTOL VR VR Required,82,29.99,3.7,7,104
Untitled Goose Game,366,19.99,3.6,3,93
Need for Speed™ Most Wanted,175,19.99,3.6,0,56
Valkyria Chronicles™,430,19.99,3.6,0,115
Visage,437,34.99,3.6,0,47
Death's Door,143,19.99,3.6,0,40
"Warhammer 40,000: Gladius - Relics of War",460,39.99,3.6,1,220
Homefront®: The Revolution,137,19.99,3.6,0,1
Starbase,211,34.99,3.6,0,88
Trials of Mana,471,49.99,3.6,0,207
Age of Wonders III,367,29.99,3.6,4,209
Ancestors: The Humankind Odyssey,396,39.99,3.6,0,40
Ultimate General: Civil War,222,29.99,3.6,3,203
Propnight,307,19.99,3.6,0,0
Motorsport Manager,430,19.99,3.5,4,213
Cube World,377,19.99,3.5,0,146
Bendy and the Ink Machine,266,19.99,3.5,4,49
Half-Life 2: Episode Two,557,7.99,3.5,4,0
FINAL FANTASY® XIII,471,15.99,3.5,0,207
Gone Home,213,14.99,3.5,4,145
Tropico 5,274,19.99,3.5,1,208
Aliens: Colonial Marines Collection,430,29.99,3.5,0,0
Into the Breach,491,14.99,3.5,4,197
SpellForce 3 Reforced,503,39.99,3.5,0,209
Strange Brigade,407,49.99,3.5,0,1
Onward VR Required,160,24.99,3.5,7,87
AI: The Somnium Files,468,39.99,3.5,0,122
Railway Empire,273,29.99,3.5,1,217
911 Operator,225,14.99,3.5,3,169
Space Hulk: Deathwing Enhanced Edition,200,29.99,3.5,0,1
NARUTO SHIPPUDEN: Ultimate Ninja STORM Revolution,52,29.99,3.4,0,1
Worms W.M.D,510,29.99,3.4,4,121
Chivalry 2,544,39.99,3.4,0,0
Zombie Army 4: Dead War,407,49.99,3.4,0,0
Yakuza Kiwami,430,19.99,3.4,0,53
Stonehearth,0,19.99,3.4,3,203
Session: Skate Sim,338,24.99,3.4,0,186
Dark and Light,463,17.99,3.4,0,33
Orcs Must Die! 2,419,14.99,3.4,0,44
Castle Story,441,24.99,3.4,4,203
Steel Division: Normandy 44,367,39.99,3.4,0,119
Ranch Simulator,185,24.99,3.3,0,191
WorldBox - God Simulator,313,19.99,3.3,4,185
Wartales,451,34.99,3.3,0,140
NARUTO SHIPPUDEN: Ultimate Ninja STORM 3 Full Burst HD,52,19.99,3.3,0,1
ShellShock Live,594,6.99,3.3,4,70
A Story About My Uncle,111,14.99,3.3,4,127
Call to Arms,147,14.99,3.3,0,106
The Darkness II,7,29.99,3.3,3,0
Sniper Elite 5,407,49.99,3.3,0,1
Orcs Must Die! 3,419,29.99,3.3,0,49
Overcooked,511,16.99,3.3,0,72
Darkwood,19,14.99,3.3,4,40
EVERSPACE™ 2,400,39.99,3.3,0,34
Aliens vs. Predator™,430,14.99,3.3,0,0
Muse Dash,591,2.99,3.3,3,68
The Dark Pictures Anthology: Man of Medan,53,29.99,3.2,0,122
RUNNING WITH RIFLES,359,14.99,3.2,4,93
Life is Feudal: Your Own,72,19.99,3.2,0,98
Amnesia: Rebirth,206,29.99,3.2,1,145
The Wind Road,375,29.99,3.2,0,40
Magicka,367,9.99,3.2,0,112
Child of Light,549,14.99,3.2,0,207
Aragami,297,19.99,3.2,4,35
DEVOUR,479,4.99,3.1,3,194
The Universim,123,29.99,3.1,4,187
War for the Overworld,84,29.99,3.1,4,203
SUPERHOT: MIND CONTROL DELETE,435,24.99,3.1,4,93
Bus Simulator 18,588,24.99,3.1,0,215
RUINER,143,19.99,3.1,1,93
Trine Enchanted Edition,211,14.99,3.1,4,35
Naval Action,222,19.99,3.1,0,38
Beholder,29,9.99,3.1,4,152
Arma Reforger,80,29.99,3.1,0,91
GUILTY GEAR Xrd -REVELATOR-,41,29.99,3.1,0,0
Gorogoa,35,14.99,3.1,3,127
The Walking Dead: The Telltale Definitive Series,458,49.99,3,0,122
Cossacks 3,218,19.99,3,1,62
The Walking Dead: A New Frontier,458,14.99,3,0,122
Iratus: Lord of the Dead,131,29.99,3,4,198
Company of Heroes,430,19.99,3,0,121
Not For Broadcast,596,24.99,3,0,150
Forts,167,14.99,3,0,121
FINAL FANTASY IX,471,20.99,2.9,0,207
Viscera Cleanup Detail,425,12.99,2.9,3,201
Democracy 3,392,24.99,2.9,4,203
Police Simulator: Patrol Officers,588,24.99,2.9,0,191
Necromunda: Hired Gun,200,39.99,2.9,0,1
Tell Me Why,578,19.99,2.9,0,122
Summer Memories,272,19.99,2.9,0,153
Bomber Crew,124,19.99,2.9,4,217
Batman - The Telltale Series,514,14.99,2.9,0,122
Supraland,495,19.99,2.9,0,35
X Rebirth,173,29.99,2.9,4,118
Might & Magic® Heroes® VII,549,29.99,2.9,0,209
TROUBLESHOOTER: Abandoned Children,133,24.99,2.9,0,167
Hand of Fate,139,19.99,2.9,4,97
State of Decay: YOSE,578,19.99,2.9,0,113
FAR: Lone Sails,326,14.99,2.9,3,35
Darksiders™,503,19.99,2.9,0,1
Fernbus Simulator,24,29.99,2.9,0,174
Automobilista 2 VR Supported,414,39.99,2.9,8,212
Counter-Strike: Condition Zero,557,9.99,2.9,4,0
Furi,522,19.99,2.9,0,0
Night of the Dead,593,24.99,2.9,0,30
Hobo: Tough Life,373,29.99,2.9,1,147
Potion Craft: Alchemist Simulator,596,14.99,2.8,0,185
The Beginner's Guide,183,9.99,2.8,4,145
Fran Bow,279,14.99,2.8,4,145
Farming Simulator 15,232,12.99,2.8,3,215
Prototype™,20,19.99,2.8,0,1
Five Nights at Freddy's,444,4.99,2.8,0,201
Ancestors Legacy,4,34.99,2.8,0,220
SpaceEngine VR Supported,117,24.99,2.8,8,160
Empire of Sin,367,39.99,2.8,3,209
Mirror's Edge™ Catalyst,175,19.99,2.8,0,1
Door Kickers,277,19.99,2.8,1,106
rFactor 2 VR Supported,484,31.99,2.8,8,212
DESOLATE,252,24.99,2.8,0,53
Cruelty Squad,115,19.99,2.8,0,104
Captain Tsubasa: Rise of New Champions,52,59.99,2.8,0,75
Feed and Grow: Fish,238,14.99,2.8,0,86
Town of Salem,75,4.99,2.8,3,198
Parkitect,517,29.99,2.8,4,169
BPM: BULLETS PER MINUTE,50,19.99,2.8,0,35
Dungeon Defenders,542,14.99,2.8,4,100
Prototype 2,20,19.99,2.8,0,1
FATAL FRAME / PROJECT ZERO: Maiden of Black Water,270,39.99,2.8,0,122
Battle Chasers: Nightwar,503,29.99,2.8,4,195
Might & Magic: Heroes VI,549,19.99,2.7,0,209
Sherlock Holmes: Crimes and Punishments,207,29.99,2.7,0,122
OMSI 2: Edition,24,29.99,2.7,0,174
Legion TD 2 - Multiplayer Tower Defense,47,19.99,2.7,0,171
Beyond The Wire,355,34.99,2.7,0,83
Fallout 3,67,9.99,2.7,0,207
Partisans 1941,131,29.99,2.7,0,204
SUPERHOT VR VR Required,435,24.99,2.7,7,93
Nuclear Throne,560,11.99,2.7,4,97
Richman10,434,13.99,2.7,3,177
The Evil Within,67,9.99,2.7,0,0
Pyre,494,19.99,2.7,4,97
The Surge 2,200,29.99,2.7,0,112
The Wild Eight,252,24.99,2.6,0,41
GORN VR Required,143,19.99,2.6,7,93
Shadow Warrior,143,9.99,2.6,4,1
UnderMine,530,19.99,2.6,4,40
Hand of Fate 2,139,29.99,2.6,4,97
Clustertruck,596,14.99,2.6,4,93
MechWarrior 5: Mercenaries,197,29.99,2.6,0,118
Cold Waters,278,39.99,2.6,3,203
Airport CEO,39,24.99,2.6,3,203
MONOPOLY® PLUS,549,14.99,2.6,0,158
Wasteland 2: Director's Cut,592,29.99,2.6,4,149
Golf It! VR Supported,371,8.99,2.6,6,161
Keep Talking and Nobody Explodes VR Supported,475,14.99,2.6,5,194
F.I.S.T.: Forged In Shadow Torch,36,29.99,2.6,0,42
Trine 3: The Artifacts of Power,211,21.99,2.6,4,35
Call of Cthulhu®,200,19.99,2.6,0,153
DYSMANTLE,2,19.99,2.6,3,41
STEINS;GATE 0,468,34.99,2.6,0,122
Core Keeper,197,12.99,2.6,1,124
Pit People®,519,19.99,2.6,0,100
Deadlight,578,14.99,2.5,0,35
Twelve Minutes,35,24.99,2.5,0,145
Tricky Towers,570,14.99,2.5,4,163
THE KING OF FIGHTERS XIII STEAM EDITION,432,19.99,2.5,0,0
Half-Life 2: Episode One,557,7.99,2.5,4,0
RIDE 3,323,39.99,2.5,0,212
Rebel Galaxy,155,19.99,2.5,3,41
Brutal Legend,156,14.99,2.5,4,62
Subsistence,112,13.99,2.5,0,79
Scribblenauts Unlimited,567,19.99,2.5,0,135
The Vanishing of Ethan Carter,518,19.99,2.5,0,145
Mini Motorways,150,9.99,2.5,3,169
Killer Instinct,578,39.99,2.5,0,0
The Forgotten City,136,24.99,2.4,0,146
AI＊Shoujo/AI＊少女,253,69.99,2.4,0,215
Project Hospital,363,24.99,2.4,4,203
Poly Bridge,164,9.99,2.4,4,201
Door Kickers 2: Task Force North,277,24.99,2.4,0,87
Baldur's Gate II: Enhanced Edition,61,19.99,2.4,4,153
Hacknet,192,9.99,2.4,4,201
Battlefleet Gothic: Armada 2,200,19.99,2.4,0,220
SUNLESS SEA,189,18.99,2.4,4,146
Surgeon Simulator,81,9.99,2.4,4,104
Blair Witch,76,29.99,2.4,0,145
Phantom Doctrine,235,39.99,2.4,0,115
Singularity™,20,29.99,2.4,0,0
BERSERK and the Band of the Hawk,270,59.99,2.4,0,0
One Piece Burning Blood,52,49.99,2.4,0,0
How to Survive 2,14,14.99,2.4,0,53
The Dark Pictures Anthology: Little Hope,53,29.99,2.4,0,122
The Beast Inside,257,24.99,2.4,0,35
Pacify,249,4.99,2.4,3,15
Distance VR Supported,413,24.99,2.4,5,101
Castlevania: Lords of Shadow 2,284,39.99,2.3,0,1
The Messenger,143,19.99,2.3,0,93
"Warhammer® 40,000: Dawn of War® - Soulstorm",430,12.99,2.3,0,220
Finding Paradise,204,9.99,2.3,4,146
Space Haven,87,22.99,2.3,4,182
WARNO,181,39.99,2.3,0,87
Tank Mechanic Simulator,386,19.99,2.3,3,13
Hatsune Miku: Project DIVA Mega Mix+,430,39.39,2.3,0,0
Hydroneer,203,9.99,2.3,0,132
Empires of the Undergrowth,461,19.99,2.3,3,187
Blood Bowl 2,338,19.99,2.3,3,219
HighFleet,319,29.99,2.3,0,49
HOT WHEELS UNLEASHED™,323,49.99,2.3,0,210
Stationeers,421,29.99,2.3,0,86
SURVIVAL: Postapocalypse Now,500,14.99,2.3,0,39
神舞幻想 Faith of Danschant,600,29.99,2.3,0,207
The Survivalists,510,32.99,2.3,0,9
Dead Space™ 3,175,19.99,2.3,0,0
Mordheim: City of the Damned,338,19.99,2.3,0,209
Life is Feudal: Forest Village,72,24.99,2.3,0,203
Sonic Adventure 2,430,9.99,2.2,0,0
Ultimate Epic Battle Simulator,85,14.99,2.2,0,48
Exanima,58,14.99,2.2,0,27
Sniper: Ghost Warrior 2,93,9.99,2.2,0,0
OPUS: Echo of Starsong - Full Bloom Edition,431,24.99,2.2,3,145
Cultist Simulator,569,19.99,2.2,4,196
.hack//G.U. Last Recode,56,49.99,2.2,0,207
Into the Radius VR VR Required,94,29.99,2.2,7,194
Train Sim World® 2,158,19.99,2.2,0,215
ATOM RPG: Post-apocalyptic indie game,46,14.99,2.2,4,207
Crysis® 3,175,29.99,2.2,0,62
Heavy Rain,398,19.99,2.2,0,1
MY HERO ONE'S JUSTICE 2,52,59.99,2.2,0,0
Resident Evil 0,89,19.99,2.2,0,1
The Red Strings Club,143,14.99,2.2,4,145
The Long Drive,229,11.99,2.2,0,8
灵魂筹码 Soul at Stake,105,17.99,2.2,0,84
Age of History II,599,4.99,2.2,0,220
S.T.A.L.K.E.R.: Clear Sky,219,9.99,2.2,0,112
Day of Defeat: Source,557,9.99,2.2,4,0
Recettear: An Item Shop's Tale,100,19.99,2.2,0,195
Danganronpa Another Episode: Ultra Despair Girls,468,29.99,2.2,0,0
Planetbase,308,14.99,2.2,3,203
King Arthur: Knight's Tale,341,44.99,2.2,0,209
Need for Speed™ Hot Pursuit Remastered,175,29.99,2.2,0,116
This Is the Police,503,14.99,2.2,4,152
LEGO® The Lord of the Rings™,567,19.99,2.2,0,1
Far Cry® 2,549,9.99,2.2,0,0
The Turing Test,471,19.99,2.2,0,122
Doom 3: BFG Edition,67,19.99,2.2,0,0
Tropico 4,274,14.99,2.1,0,217
Fell Seal: Arbiter's Mark,4,29.99,2.1,4,198
Devil May Cry HD Collection,89,29.99,2.1,0,0
Amnesia: A Machine for Pigs,206,19.99,2.1,4,35
Gauntlet™ Slayer Edition,562,19.99,2.1,0,53
EARTH DEFENSE FORCE 4.1 The Shadow of New Despair,128,19.99,2.1,0,0
Stronghold Crusader HD,195,9.99,2.1,0,217
Ultra Street Fighter® IV,97,14.99,2.1,0,0
"Yes, Your Grace",350,19.99,2.1,3,154
Amazing Frog?,191,15.99,2.1,4,137
Monster Prom,531,11.99,2.1,4,201
Octodad: Dadliest Catch,581,14.99,2.1,4,35
Rocksmith® 2014 Edition - Remastered,549,9.99,2.1,3,174
Five Nights at Freddy's 2,444,7.99,2.1,0,194
Colony Survival,381,19.99,2.1,4,31
Catherine Classic,430,19.99,2.1,0,122
Stronghold: Warlords,195,39.99,2.1,0,217
FINAL FANTASY VII REMAKE INTERGRADE,471,69.99,2.1,0,53
LISA: The Painful,149,9.99,2.1,4,146
Liftoff: FPV Drone Racing,303,19.99,2.1,4,200
Dungeons & Dragons: Dark Alliance,573,29.99,2.1,0,112
FlatOut 2™,481,9.99,2.1,0,210
TUNIC,194,29.99,2,3,53
Kingdom: New Lands,404,14.99,2,4,203
Home Behind 2,504,19.99,2,3,148
Call of Duty® 2,20,19.99,2,3,0
Sanctum 2,111,14.99,2,4,108
Project CARS 3 VR Supported,52,59.99,2,8,210
Zero Escape: The Nonary Games,468,29.99,2,0,122
Journey To The Savage Planet,14,29.99,2,0,1
NEKOPARA Vol. 3,448,9.99,2,0,163
Garfield Kart - Furious Racing,320,14.99,2,3,210
Dicey Dungeons,516,14.99,2,4,204
RAGE,67,9.99,2,0,0
Ion Fury,11,24.99,2,1,93
Internet Cafe Simulator 2,104,19.99,2,0,14
The Dark Pictures Anthology: House of Ashes,53,29.99,2,0,122
Tainted Grail: Conquest,49,19.99,2,1,97
NEKOPARA Vol. 2,448,9.99,2,0,163
Monster Sanctuary,510,19.99,2,4,44
Hood: Outlaws & Legends,200,19.99,2,0,51
F.E.A.R. 3,567,19.99,2,0,0
Dungeon of the ENDLESS™,430,11.99,2,3,149
Starpoint Gemini 2,299,34.99,2,0,113
Gloria Victis: Medieval MMORPG,73,19.99,2,0,23
Neverwinter Nights: Enhanced Edition,61,19.99,2,4,207
Resident Evil Revelations 2,89,5.99,2,0,1
Expeditions: Rome,503,44.99,2,0,209
Outlaws of the Old West,565,19.99,1.9,0,4
ONE PIECE World Seeker,52,59.99,1.9,0,1
Nova Drift,384,14.99,1.9,3,80
Okami HD,89,19.99,1.9,0,122
Curse of the Dead Gods,200,19.99,1.9,0,1
SPORE™ Galactic Adventures,175,19.99,1.9,0,118
Tiny Bunny,438,12.99,1.9,0,137
Blackwake,310,4.99,1.9,3,74
SimplePlanes,267,12.99,1.9,3,201
Sudden Strike 4,273,19.99,1.9,4,220
We Were Here Together,539,12.99,1.9,3,127
Second Extinction™,499,24.99,1.9,0,79
The Incredible Adventures of Van Helsing,341,14.99,1.9,0,40
觅长生,103,11.99,1.9,0,183
Eastshade,169,24.99,1.9,0,145
The Quarry,8,59.99,1.9,0,122
Starpoint Gemini Warlords,256,34.99,1.9,0,114
Jump King,346,12.99,1.9,0,35
LEGO® Batman™: The Videogame,567,19.99,1.9,0,1
The Room,196,4.99,1.9,0,145
Yu-Gi-Oh! Legacy of the Duelist : Link Evolution,285,39.99,1.9,0,215
Offworld Trading Company,474,29.99,1.9,3,203
Rain World,27,19.99,1.9,0,35
Void Bastards,251,29.99,1.9,3,121
Duke Nukem Forever,7,19.99,1.9,3,0
Sprocket,242,19.99,1.9,0,86
Airships: Conquer the Skies,134,24.99,1.8,4,108
Eastern Exorcist,589,17.99,1.8,0,53
Deliver Us The Moon,572,24.99,1.8,0,35
Rise to Ruins,455,14.99,1.8,4,203
The Banner Saga,478,7.99,1.8,3,198
Kingdom Rush Vengeance - Tower Defense,262,19.99,1.8,3,220
ELEX II,503,49.99,1.8,0,53
Phoenix Point: Year One Edition,464,29.99,1.8,3,209
Beasts of Bermuda,440,19.99,1.8,0,139
Atelier Ryza 2: Lost Legends & the Secret Fairy,270,59.99,1.8,0,207
"Warhammer 40,000: Battlesector",460,39.99,1.8,0,220
Mist Survival,148,10.99,1.8,0,30
Total Tank Simulator,14,19.99,1.8,0,106
Chronicon,492,13.99,1.8,1,40
Disgaea 5 Complete,337,39.99,1.8,0,209
LOST EMBER,330,29.99,1.8,0,35
Who's Your Daddy?!,184,4.99,1.8,3,68
Shadow Warrior 3,143,49.99,1.8,0,1
Jalopy,185,14.99,1.8,0,150
Half-Life: Source,557,9.99,1.8,4,0
Caves of Qud,205,19.99,1.8,4,140
METAL GEAR SURVIVE,284,29.99,1.8,0,62
Yooka-Laylee,511,39.99,1.8,4,35
FEZ,541,9.99,1.8,4,194
Supreme Commander: Forged Alliance,471,12.99,1.8,0,220
Dead Rising 4,97,29.99,1.8,0,0
The Jackbox Party Pack 3,264,24.99,1.8,4,171
LEGO® Harry Potter: Years 1-4,567,19.99,1.8,0,1
PULSAR: Lost Colony VR Supported,294,24.99,1.8,5,47
Mafia,7,14.99,1.8,0,1
Gunpoint,497,9.99,1.8,4,108
Wobbly Life,424,13.99,1.8,0,8
Ultimate Fishing Simulator,551,19.99,1.8,0,175
Streamer Life Simulator,104,19.99,1.8,0,14
Fallout: A Post Nuclear Role Playing Game,67,9.99,1.7,0,207
Aerofly FS 2 Flight Simulator VR Supported,255,49.99,1.7,5,102
Cyber Manhunt,31,9.99,1.7,3,196
Mini Metro,150,9.99,1.7,4,203
Master of Orion,566,14.99,1.7,4,220
Panzer Corps 2,460,39.99,1.7,0,220
MY HERO ONE'S JUSTICE,52,59.99,1.7,0,0
Escape Simulator,380,14.99,1.7,4,131
Titan Souls,143,14.99,1.7,3,35
"Invisible, Inc.",282,19.99,1.7,4,108
GRAV,71,19.99,1.7,0,26
Ashen,35,39.99,1.7,0,53
The Bureau: XCOM Declassified,7,19.99,1.7,3,0
Katamari Damacy REROLL,52,29.99,1.7,0,63
侠客风云传(Tale of Wuxia),374,16.99,1.7,0,133
Heat Signature,497,14.99,1.7,0,49
Encased: A Sci-Fi Post-Apocalyptic RPG,395,29.99,1.7,1,149
Godus,6,14.99,1.7,3,187
The Great Ace Attorney Chronicles,89,39.99,1.7,0,122
Othercide,200,29.99,1.7,0,204
AMID EVIL,344,19.99,1.7,0,35
Overgrowth,574,19.99,1.7,4,93
Agents of Mayhem,137,29.99,1.7,0,0
Valley,79,14.99,1.7,4,35
60 Seconds!,420,8.99,1.7,3,132
Deponia: The Complete Journey,131,29.99,1.7,4,122
Supreme Commander 2,471,12.99,1.7,0,220
Axiom Verge,529,19.99,1.7,1,35
Heliborne Collection,281,29.99,1.7,4,94
Little Misfortune,279,19.99,1.7,4,127
Shadowrun Returns,367,9.99,1.7,4,149
100% Orange Juice,212,6.99,1.6,0,204
Max Payne,422,9.99,1.6,0,0
Psychonauts,156,9.99,1.6,4,0
ENSLAVED™: Odyssey to the West™ Premium Edition,52,19.99,1.6,0,1
Mortal Shell,388,29.99,1.6,0,112
Little Inferno,535,14.99,1.6,4,127
The Surge,200,14.99,1.6,0,112
Hitman: Blood Money,261,9.99,1.6,0,0
Zenith: The Last City VR Required,402,29.99,1.6,7,22
Next Day: Survival,293,9.99,1.6,0,97
Pistol Whip VR Required,110,29.99,1.6,7,93
Fallout 2: A Post Nuclear Role Playing Game,67,9.99,1.6,0,207
Bloons TD 5,348,9.99,1.6,3,121
CHRONO TRIGGER®,471,14.99,1.6,0,207
ULTIMATE MARVEL VS. CAPCOM 3,90,24.99,1.6,0,0
Killsquad,352,29.99,1.6,0,97
LEGO® Jurassic World,567,19.99,1.6,0,1
Serious Sam 2,143,9.99,1.6,0,93
Democracy 4,392,26.99,1.6,0,203
The Tenants,210,19.99,1.6,0,160
Team Sonic Racing™,430,39.99,1.6,0,210
Software Inc.,116,15.99,1.6,4,187
Shin Megami Tensei III Nocturne HD Remaster,430,49.99,1.6,0,207
Momodora: Reverie Under The Moonlight,364,9.99,1.6,4,35
Shotgun Farmers,317,9.99,1.6,4,93
Batman: The Enemy Within - The Telltale Series,514,14.99,1.6,0,122
DOOM Eternal: The Ancient Gods - Part One,67,19.99,1.6,0,0
Volcanoids,561,19.99,1.6,1,30
Deponia,131,9.99,1.6,4,145
The Jackbox Party Pack 7,264,29.99,1.6,4,163
Observation,143,24.99,1.6,0,145
Age of Darkness: Final Stand,510,21.99,1.6,0,193
Might & Magic X - Legacy,549,29.99,1.6,3,207
Turmoil,226,9.99,1.6,4,203
Rise of Industry,275,29.99,1.6,4,203
Worms Armageddon,511,14.99,1.6,0,220
SimAirport,289,24.99,1.6,4,169
GRIP: Combat Racing VR Supported,572,29.99,1.6,8,101
Ghost of a Tale,447,24.99,1.6,0,40
Punch Club,596,9.99,1.6,4,198
Mad Games Tycoon 2,172,24.99,1.5,0,162
Raging Loop,268,29.99,1.5,0,145
Late Shift,564,12.99,1.5,3,145
The Room 4: Old Sins,196,8.99,1.5,0,122
Banner of the Maid,92,16.99,1.5,0,198
Haydee,243,14.99,1.5,0,93
The Golf Club™ 2019 featuring PGA TOUR,7,49.99,1.5,0,202
Expeditions: Viking,503,29.99,1.5,0,198
In Silence,403,9.99,1.5,3,0
Dead Rising® 2,97,19.99,1.5,0,1
Romance of the Three Kingdoms XI with Power Up Kit,270,39.99,1.5,0,220
Command & Conquer 3: Tiberium Wars,175,14.99,1.5,0,220
Natural Selection 2,553,9.99,1.5,0,108
This Land Is My Land,222,29.99,1.5,0,98
FINAL FANTASY VIII,471,11.99,1.5,0,207
Vikings - Wolves of Midgard,274,29.99,1.5,4,112
"Gremlins, Inc.",525,14.99,1.5,4,204
Raw Data VR Required,496,39.99,1.5,7,108
Company of Heroes - Legacy Edition,430,19.99,1.5,0,121
Serious Sam HD: The First Encounter,143,14.99,1.5,0,93
The Room VR: A Dark Matter VR Required,196,29.99,1.5,7,122
Dungeon Defenders: Awakened,106,29.99,1.5,0,44
Max Payne 2: The Fall of Max Payne,422,14.99,1.5,0,0
Battlestar Galactica Deadlock,460,39.99,1.5,0,220
Mega Man 11,88,29.99,1.5,0,0
Black Book,252,24.99,1.5,3,149
Hot Lava,282,19.99,1.5,0,45
Distant Worlds 2,460,49.99,1.5,0,217
art of rally,215,24.99,1.5,4,103
Kingdoms Reborn,168,19.99,1.5,0,187
Farmer's Dynasty,536,29.99,1.5,0,172
Epic Battle Fantasy 5,312,19.99,1.5,0,155
Among the Sleep - Enhanced Edition,286,16.99,1.5,4,35
Kingdom Rush - Tower Defense,262,9.99,1.5,4,220
Medal of Honor™,175,19.99,1.5,0,0
Crossroads Inn Anniversary Edition,281,24.99,1.5,0,133
The Last Stand: Aftermath,42,24.99,1.5,0,35
The Bus,23,24.99,1.5,0,191
Obduction VR Supported,125,29.99,1.5,6,145
Ratropolis,101,17.99,1.5,3,169
Per Aspera,404,29.99,1.5,0,203
Sayonara Wild Hearts,35,12.99,1.5,0,63
Submerged,554,19.99,1.5,0,122
Yu-Gi-Oh! Legacy of the Duelist,285,19.99,1.5,0,215
LEGO® Batman™ 3: Beyond Gotham,562,19.99,1.5,0,1
VR Kanojo / VRカノジョ VR Required,253,49.99,1.5,7,122
Grim Fandango Remastered,156,14.99,1.4,4,122
Stronghold 3 Gold,195,29.99,1.4,4,217
The Stronghold Collection,195,24.99,1.4,0,220
112 Operator,225,24.99,1.4,3,203
EmergeNYC,199,24.99,1.4,3,6
Lethal League Blaze,509,19.99,1.4,4,107
Owlboy,127,24.99,1.4,4,35
West of Loathing,45,10.99,1.4,4,146
The House of Da Vinci,78,19.99,1.4,3,152
Audiosurf 2,166,14.99,1.4,4,194
Operation: Tango,109,19.99,1.4,0,123
Opus Magnum,584,19.99,1.4,4,201
Donut County,35,12.99,1.4,3,127
NARUTO: Ultimate Ninja STORM,52,19.99,1.4,0,1
Zero Caliber VR VR Required,577,24.99,1.4,7,65
Orwell: Keeping an Eye On You,358,9.99,1.4,4,150
RAILROADS Online!,477,34.99,1.4,0,185
DuckTales: Remastered,97,14.99,1.4,0,2
WolfQuest: Anniversary Edition,590,19.99,1.4,3,89
Fire Pro Wrestling World,468,29.99,1.4,0,216
Five Nights at Freddy's 4,444,7.99,1.4,0,108
Firefighting Simulator - The Squad,588,24.99,1.4,0,118
Secret of Mana,471,39.99,1.4,0,112
Viscera Cleanup Detail: Shadow Warrior,143,39.99,1.4,4,201
Trover Saves the Universe VR Supported,470,29.99,1.4,8,35
Hob,426,19.99,1.4,0,35
Xenonauts,234,24.99,1.4,4,203
Dreamfall Chapters,411,24.99,1.4,4,145
The Life and Suffering of Sir Brante,1,19.99,1.4,0,148
CryoFall,131,19.99,1.4,0,37
Cricket 19,68,29.99,1.4,0,218
Before Your Eyes,458,9.99,1.4,3,145
Medal of Honor™: Above and Beyond VR Required,175,39.99,1.4,7,0
Ken Follett's The Pillars of the Earth,131,19.99,1.4,4,127
Indivisible,14,39.99,1.4,4,97
Webbed,442,9.99,1.4,0,35
Worms Revolution,511,14.99,1.4,0,220
Magicka 2,367,10.00,1.4,4,1
Littlewood,462,14.99,1.4,4,129
Warhammer: Chaosbane,338,29.99,1.4,0,53
Call of Duty®,20,19.99,1.4,0,0
Impostor Factory,204,9.99,1.4,4,146
Gothic II: Gold Edition,503,9.99,1.4,0,112
60 Seconds! Reatomized,420,9.99,1.4,3,132
Intruder,493,19.99,1.4,3,178
Prodeus,251,24.99,1.4,3,3
Police Stories,252,14.99,1.4,0,106
KartKraft™ VR Supported,333,39.99,1.4,8,67
Satellite Reign,13,29.99,1.4,4,108
Sonic Lost World,430,29.99,1.4,0,122
Deus Ex: Game of the Year Edition,471,6.99,1.4,0,0
Oriental Empires,256,29.99,1.4,0,203
Gothic 1,503,9.99,1.4,0,112
FINAL FANTASY® XIII-2,471,19.99,1.4,0,207
New Gundam Breaker,52,49.99,1.4,0,0
LEGO® City Undercover,505,19.99,1.3,0,0
A Short Hike,587,7.99,1.3,4,145
Two Worlds II HD,537,19.99,1.3,3,207
The Room Two,196,4.99,1.3,0,145
"Warhammer® 40,000: Dawn of War® - Game of the Year Edition",430,12.99,1.3,0,220
We Were Here Forever,539,17.99,1.3,0,127
while True: learn(),304,12.99,1.3,4,201
Trine 2: Complete Story,211,4.99,1.3,4,35
Poly Bridge 2,164,14.99,1.3,4,201
Draw & Guess,21,2.99,1.3,4,163
DOOM Eternal: The Ancient Gods - Part Two,67,19.99,1.3,0,0
Disgaea PC,337,19.99,1.3,0,207
Creeper World 4,283,24.99,1.3,0,73
The Final Station,596,14.99,1.3,4,35
Chrono Ark,28,19.99,1.3,0,140
FAIRY TAIL,270,59.99,1.3,0,53
WORLD OF HORROR,582,14.99,1.3,3,180
Dungreed,501,9.99,1.3,4,93
Wargroove,107,19.99,1.3,0,204
Hellpoint,596,34.99,1.3,4,40
Secrets of Grindea,382,14.99,1.3,0,26
Shadowrun: Dragonfall - Director's Cut,367,14.99,1.3,4,149
Dragon Age II: Ultimate Edition,175,29.99,1.3,0,53
Domina,152,9.99,1.3,0,106
Production Line : Car factory simulation,392,24.99,1.3,0,203
War on the Sea,278,39.99,1.3,3,217
"Warhammer® 40,000: Dawn of War® - Dark Crusade",430,12.99,1.3,0,220
Haven,522,24.99,1.3,0,146
Automation Empire,130,29.99,1.3,0,203
Jazzpunk: Director's Cut,340,14.99,1.3,4,145
FlatOut: Ultimate Carnage,481,19.99,1.3,0,210
M.A.S.S. Builder,448,24.99,1.3,0,85
Crawl,393,14.99,1.3,4,97
Atelier Sophie 2: The Alchemist of the Mysterious Dream,270,59.99,1.3,0,207
Fear Surrounds,580,7.99,1.3,0,164
Syberia 3,320,29.99,1.3,3,122
Battlefleet Gothic: Armada,200,14.99,1.3,0,220
Hard West,235,19.99,1.3,4,149
Tales of Symphonia,52,19.99,1.3,0,207
FINAL FANTASY TYPE-0™ HD,471,29.99,1.3,0,112
DEEMO -Reborn- VR Supported,405,24.99,1.3,8,1
The Swapper,187,14.99,1.3,4,35
Need for Speed™ Rivals,175,19.99,1.3,0,56
Wargame: Airland Battle,181,19.99,1.3,1,203
Dream Daddy: A Dad Dating Simulator,221,14.99,1.3,4,168
Coffee Talk,534,12.99,1.3,3,127
Terraforming Mars,43,19.99,1.3,3,220
Internet Cafe Simulator,104,9.99,1.3,0,150
NEKOPARA Vol. 4,448,9.99,1.3,0,127
BlazBlue: Chronophantasma Extend,240,29.99,1.3,0,0
Startup Company,250,12.99,1.3,4,169
The Walking Dead: Michonne - A Telltale Miniseries,458,14.99,1.3,3,122
The Incredible Adventures of Van Helsing: Final Cut,341,44.99,1.3,0,40
Midnight Ghost Hunt,111,19.99,1.3,0,80
Rival Stars Horse Racing: Desktop Edition,378,39.99,1.3,3,173
Blackthorn Arena,372,19.99,1.3,0,197
Gas Guzzlers Extreme,223,24.99,1.3,0,117
Act of Aggression - Reboot Edition,181,29.99,1.3,0,204
Five Nights at Freddy's: Sister Location,444,7.99,1.3,0,104
Melty Blood Actress Again Current Code,41,24.99,1.3,0,0
Diplomacy is Not an Option,154,24.99,1.3,0,188
Factory Town,180,19.99,1.3,3,203
Moss VR Supported,390,29.99,1.3,8,2
Tokyo Xanadu eX+,26,59.99,1.2,0,207
Yonder: The Cloud Catcher Chronicles,394,24.99,1.2,0,145
Summer Pockets,559,44.99,1.2,0,123
Quern - Undying Thoughts,585,24.99,1.2,4,145
Maitetsu:Pure Station,241,24.99,1.2,0,122
Sundered®: Eldritch Edition,532,19.99,1.2,4,35
Ghost Exorcism INC.,488,17.99,1.2,0,185
Thumper VR Supported,163,19.99,1.2,8,93
Red Solstice 2: Survivors,14,29.99,1.2,0,209
Muv-Luv Alternative (マブラヴ オルタネイティヴ),586,39.99,1.2,0,123
Hatred,142,5.99,1.2,1,93
The Banner Saga 2,478,24.99,1.2,3,198
Torchlight,426,14.99,1.2,3,207
Dead Island: Riptide Definitive Edition,137,19.99,1.2,1,0
Songs of Conquest,111,29.99,1.2,3,144
DEAD RISING®,97,19.99,1.2,0,1
Dominions 5 - Warriors of the Faith,258,39.99,1.2,4,204
Death's Gambit: Afterlife,449,19.99,1.2,0,40
Divinity: Dragon Commander,292,39.99,1.2,0,115
Touhou Tenkuushou ~ Hidden Star in Four Seasons.,315,14.99,1.2,0,93
Yakuza 3 Remastered,430,19.99,1.2,0,1
Beholder 2,29,14.99,1.2,4,151
Crazy Machines 3,131,9.99,1.2,0,217
ANNO: Mutationem,296,24.99,1.2,0,40
ENDLESS™ Space - Definitive Edition,430,9.99,1.2,3,220
Axis & Allies 1942 Online,61,19.99,1.2,4,220
Project: Gorgon,174,39.99,1.2,4,179
Cat Quest,365,12.99,1.2,3,40
Lucius,452,9.99,1.2,0,35
Redout: Enhanced Edition VR Supported,9,19.99,1.2,8,210
Kingdom Rush Origins - Tower Defense,262,14.99,1.2,4,204
Killer is Dead - Nightmare Edition,137,19.99,1.2,0,0
LIGHTNING RETURNS™: FINAL FANTASY® XIII,471,19.99,1.2,0,207
Ostriv,598,24.99,1.2,0,187
Hellish Quart,287,16.99,1.2,0,79
Far Cry®,549,9.99,1.2,0,0
UnEpic,15,12.99,1.2,4,97
Boundless,471,39.99,1.2,3,36
Due Process,35,14.99,1.2,0,86
Surviving the Aftermath,367,29.99,1.2,0,217
Toukiden: Kiwami,270,59.99,1.2,0,0
Yuppie Psycho: Executive Edition,342,16.66,1.2,0,145
Toukiden 2,270,59.99,1.2,0,0
Command: Modern Operations,460,79.99,1.2,0,215
Dark Messiah of Might & Magic,549,9.99,1.2,0,112
DYNASTY WARRIORS 9 Empires,270,59.99,1.2,0,119
Broken Age,156,14.99,1.2,4,127
Gothic® 3,503,9.99,1.2,0,112
Blazing Sails,256,14.99,1.2,0,3
Turnip Boy Commits Tax Evasion,236,14.99,1.2,4,9
The Rewinder,224,14.99,1.2,3,127
CHAOS;CHILD,468,34.99,1.2,0,122
Nine Parchments,211,19.99,1.2,0,112
LEGO® Batman™ 2: DC Super Heroes,567,19.99,1.2,0,1
One Finger Death Punch,454,4.99,1.2,0,68
Thunder Tier One,271,19.99,1.2,0,118
THE LONGING,40,14.99,1.2,4,146
Fable - The Lost Chapters,578,9.99,1.2,0,53
Manifold Garden,571,19.99,1.2,0,145
Mindustry,37,5.99,1.2,4,220
Her Story,439,9.99,1.2,3,131
Aragami 2,297,34.99,1.2,0,0
Maitetsu:Last Run!!,241,34.99,1.2,0,123
Torment: Tides of Numenera,592,34.99,1.2,4,149
Shadowrun: Hong Kong - Extended Edition,367,19.99,1.2,4,149
Sherlock Holmes Chapter One,207,44.99,1.2,0,1
Rebel Inc: Escalation,339,14.99,1.2,3,169
This Is the Police 2,503,14.99,1.2,4,152
Weird West,143,39.99,1.2,0,41
Thea: The Awakening,334,19.99,1.2,0,198
武侠乂 The Swordsmen X,602,24.99,1.1,0,51
Ride 2,323,29.99,1.1,0,212
Crysis Warhead®,175,19.99,1.1,0,0
STEINS;GATE ELITE,468,59.99,1.1,0,122
POPULATION: ONE VR Required,70,29.99,1.1,7,0
UnderRail,490,14.99,1.1,0,195
Half-Life: Opposing Force,557,4.99,1.1,4,0
Marvel vs. Capcom: Infinite,97,39.99,1.1,0,0
Emergency Call 112 – The Fire Fighting Simulation 2,24,29.99,1.1,0,76
Legend of Keepers: Career of a Dungeon Manager,233,19.99,1.1,4,198
Until You Fall VR Required,443,24.99,1.1,7,35
Nobody Saves the World,162,24.99,1.1,0,40
Crying Suns,251,24.99,1.1,3,204
We Need To Go Deeper,140,15.99,1.1,1,104
Project Highrise,275,19.99,1.1,3,217
Legend of Grimrock,30,14.99,1.1,4,146
The Blackout Club,399,29.99,1.1,0,104
GRIME,27,24.99,1.1,0,97
Cozy Grove,469,14.99,1.1,0,163
Dead Age,244,14.99,1.1,4,11
Bug Fables: The Everlasting Sapling,129,19.99,1.1,0,40
Roboquest,428,19.99,1.1,0,80
Bus Simulator 21,588,34.99,1.1,0,215
Slender: The Arrival,79,9.99,1.1,3,35
Fishing: North Atlantic - Enhanced Edition,325,34.99,1.1,0,215
Rising World,263,14.99,1.1,4,26
Wobbledogs,446,19.99,1.1,3,168
The House in Fata Morgana,309,24.99,1.1,0,122
I Am Bread,81,12.99,1.1,3,47
DARQ: Complete Edition,552,19.99,1.1,0,35
Planescape: Torment: Enhanced Edition,61,19.99,1.1,4,153
Shieldwall,347,13.99,1.1,0,66
WRC 7 FIA World Rally Championship,338,19.99,1.1,0,210
Deadly Premonition: The Director's Cut,417,24.99,1.1,0,1
DEAD OR SCHOOL,487,24.99,1.1,0,97
Mark of the Ninja,321,4.99,1.1,4,35
Duke Nukem 3D: 20th Anniversary World Tour,227,19.99,1.1,0,1
Grand Tactician: The Civil War (1861-1865),356,44.99,1.1,0,220
Three Kingdoms The Last Warlord,302,19.99,1.1,3,203
Tom Clancy's Splinter Cell Conviction™,549,19.99,1.1,0,0
Tom Clancy's Splinter Cell Conviction™ Deluxe Edition,549,19.99,1.1,0,0
Zero Escape: Zero Time Dilemma,468,19.99,1.1,0,122
Crysis Remastered,122,29.99,1.1,0,0
Devil Daggers,465,9.99,1.1,4,93
The Infected,144,13.99,1.1,0,65
Enemy Front,93,19.99,1.1,0,0
Autonauts,124,19.99,1.1,0,168
Horizon Chase Turbo,17,19.99,1.1,4,71
Legend of Grimrock 2,30,23.99,1.1,3,146
PICO PARK,502,4.99,1.1,0,68
Lost Ruins,129,19.99,1.1,4,35
"Sir, You Are Being Hunted",69,19.99,1.1,1,93
Worms Reloaded,511,19.99,1.1,4,220
Super Mega Baseball 3,175,44.99,1.1,0,92
INFRA,301,29.99,1.1,0,145
Magicite,462,9.99,1.1,4,40
Melvor Idle,265,9.99,1.1,4,128
DYNASTY WARRIORS 8 Empires,270,49.99,1.1,0,0
If My Heart Had Wings,328,14.99,1.1,0,134
Urban Empire,274,29.99,1.1,0,217
Wuppo: Definitive Edition,433,14.99,1.1,3,40
The Suicide of Rachel Foster,131,17.99,1.1,0,127
NEO Scavenger,77,14.99,1.1,4,198
Power & Revolution 2019 Edition,182,49.99,1.1,3,217
Rayman® Origins,549,19.99,1.1,0,1
GUILTY GEAR Xrd -SIGN-,41,29.99,1.1,0,0
Starship Troopers: Terran Command,460,29.99,1.1,0,220
Samorost 3,32,19.99,1.1,3,127
Kingdom Rush Frontiers - Tower Defense,262,9.99,1.1,4,220
Monaco: What's Yours Is Mine,251,14.99,1.1,1,15
WORLD OF FINAL FANTASY®,471,24.99,1.1,0,207
World Dig 2,259,19.99,1.1,4,35
Thimbleweed Park™,515,19.99,1.1,4,145
SAMURAI WARRIORS 4-II,270,49.99,1.1,0,0
Kentucky Route Zero: PC Edition,99,24.99,1.1,4,145
Labyrinthine,556,9.99,1.1,0,20
Mad Games Tycoon,172,14.99,1.1,3,169
DreadOut,146,14.99,1.1,1,145
Suzerain,192,14.99,1,3,146
Styx: Shards of Darkness,338,19.99,1,0,1
Trainz Railroad Simulator 2019,335,39.99,1,3,215
STAR WARS™ Battlefront,175,19.99,1,0,62
Command & Conquer: Red Alert 3 - Uprising,175,19.99,1,0,220
The Silent Age,318,9.99,1,3,127
Retirement Simulator,157,13.99,1,0,159
E.Y.E: Divine Cybermancy,483,9.99,1,0,97
Medieval Engineers,276,9.99,1,0,106
The Pedestrian,457,19.99,1,4,145
Megaquarium,547,24.99,1,4,203
NEOVERSE,533,19.99,1,3,12
Job Simulator VR Required,362,19.99,1,7,215
Five Nights at Freddy's 3,444,7.99,1,0,104
Orcs Must Die!,419,9.99,1,0,108
Hellsplit: Arena VR Required,138,24.99,1,7,112
Staxel,251,19.99,1,4,196
Sable,404,24.99,1,0,146
Touhou Genso Wanderer -Reloaded-,16,34.99,1,0,146
